,Name,Term,ES,NES,NOM p-val,FDR q-val,FWER p-val,Tag %,Gene %,Lead_genes
0,prerank,Endopeptidase Inhibitor Activity (GO:0004866),0.42602117592880323,2.989292605583273,0.0,0.0,0.0,25/39,24.37%,GAPDH;AHSG;ITIH2;SERPINF1;LTF;PZP;TFPI;ITIH3;SERPIND1;ITIH4;SPOCK2;PROS1;THBS1;SERPINA7;SERPINC1;SERPINF2;SERPINA1;AMBP;SERPINA5;CST3;APP;SERPINE1;APLP2;SERPING1;PCSK1N
1,prerank,Serine-Type Endopeptidase Inhibitor Activity (GO:0004867),0.5579187830634061,2.7598444715241652,0.0,0.0,0.0,15/18,29.57%,SERPINF1;TFPI;SERPIND1;SERPINA7;SERPINC1;SERPINF2;SERPINA1;AMBP;SERPINA5;APP;SERPINE1;APLP2;SERPING1;SERPINH1;SERPINA11
2,prerank,Peptidase Inhibitor Activity (GO:0030414),0.5208357637979443,2.6518235778619075,0.0,0.0014623566668148784,0.004,11/19,8.42%,AHSG;ITIH2;PZP;GPC3;TFPI;ITIH3;SERPIND1;ITIH4;PROS1;THBS1;SERPINF2
3,prerank,Endopeptidase Regulator Activity (GO:0061135),0.48045461815734386,2.4703034015412815,0.0,0.003838686250389056,0.014,11/20,9.47%,AHSG;ITIH2;PZP;TFPI;ITIH3;SERPIND1;ITIH4;PROS1;THBS1;SERPINF2;PSMD14
4,prerank,Chromatin DNA Binding (GO:0031490),0.42556639837621274,2.3555533010168106,0.0,0.007677372500778112,0.033,19/23,41.79%,H3-3A;H1-2;H1-1;MACROH2A1;H2AZ1;H1-0;H1-5;DHX9;HNRNPC;RBBP4;MACROH2A2;HMGA2;ACTN4;RUVBL2;APEX1;RCC1;H1-10;HDAC1;HNRNPU
5,prerank,Protease Binding (GO:0002020),0.3172876670254926,2.156210826876301,0.0017513134851138354,0.033451408753390345,0.154,18/36,20.92%,FN1;PZP;PLG;VCP;COMP;RPS27A;THBS1;SERPINC1;SERPINF2;SERPINA1;CNTN1;VWF;CLTC;SERPINA5;CST3;SERPINE1;COL1A1;PSAP
6,prerank,GTPase Regulator Activity (GO:0030695),-0.30542038089465134,-2.098819927171401,0.004739336492890996,0.24295329090942436,0.223,19/33,26.18%,IPO5;OBSCN;GBF1;IQGAP2;EIF2B4;ACAP2;UNC45A;RAB3GAP2;ARHGAP17;RANBP1;GAPVD1;ARHGAP1;ARRB1;MYCBP2;TBCD;BMP1;AGAP5;RANGAP1;GDI1
7,prerank,mRNA 3'-UTR AU-rich Region Binding (GO:0035925),-0.6167840375586855,-2.024693360143983,0.0020833333333333333,0.19145775642318769,0.322,7/7,38.63%,CPSF1;EXOSC4;KHSRP;ILF3;NUDT21;HNRNPA0;ELAVL1
8,prerank,Phosphatidylinositol Phosphate Binding (GO:1901981),-0.6178836011795006,-2.0223536679455045,0.004454342984409799,0.12939903537567166,0.326,5/7,7.36%,ARFIP1;FERMT2;OBSCN;GBF1;IQGAP2
9,prerank,Lipoprotein Particle Receptor Binding (GO:0070325),0.41857428876218983,1.9981744747023393,0.0035971223021582736,0.08946489179478166,0.399,9/17,13.44%,APOB;RELN;APOE;APOA1;CLU;HSP90B1;HSPG2;APOC3;CLTC
10,prerank,Nucleosomal DNA Binding (GO:0031492),0.4206741580131281,1.990132128470377,0.005494505494505495,0.08321723407093418,0.417,13/16,40.97%,H3-3A;H1-2;H1-1;MACROH2A1;H2AZ1;H1-0;H1-5;HNRNPC;RBBP4;HMGA2;RCC1;H1-10;HDAC1
11,prerank,Amyloid-Beta Binding (GO:0001540),0.5059848994464956,1.9844105839299162,0.0,0.07701745111891692,0.43,8/11,23.79%,APOE;APOA1;CLU;CLSTN1;HSPG2;CST3;LRP1;CD74
12,prerank,GTPase Activator Activity (GO:0005096),-0.4087206071591595,-1.9382292024474956,0.00646551724137931,0.16152872783289626,0.475,10/15,24.78%,IQGAP2;ACAP2;UNC45A;ARHGAP17;RANBP1;ARHGAP1;ARRB1;TBCD;AGAP5;RANGAP1
13,prerank,Ubiquitin-Protein Transferase Activity (GO:0004842),-0.3465692726659658,-1.8997981641863508,0.011337868480725623,0.16108859505950962,0.535,16/20,45.06%,CUL4A;UBE2Z;NEDD4;TRIM25;MYCBP2;CUL5;CUL3;CUL2;UBE2D2;UBE2M;UBR4;NT5C2;RBX1;FBXO22;TRIM28;FBXO2
14,prerank,rRNA Binding (GO:0019843),0.3980788715829821,1.8393422644629447,0.012345679012345678,0.17592150701782988,0.748,11/15,35.07%,NPM1;RPS9;RPS3;RPLP0;RPS13;RPS14;RPL12;TST;RPS5;RPL11;RPL5
15,prerank,Protein Serine/Threonine Kinase Activity (GO:0004674),-0.29732937685459937,-1.8383165524309233,0.006741573033707865,0.18646958499147243,0.65,26/26,70.78%,BRD4;MAP4K4;SRPK1;PRKAA1;MAPK14;CDK1;NEK9;MAPK1;CSNK2B;CDK16;RPS6KA3;CPNE3;PRKACA;CSNK2A1;MYLK;CDK11A;MAP2K1;MAPK3;MYLK2;TTN;MAPK15;TOP1;GPI;ROCK2;PRKDC;ILK
16,prerank,MHC Class II Protein Complex Binding (GO:0023026),0.5308071532476033,1.8362039321972246,0.011406844106463879,0.1623215900164515,0.753,6/8,23.79%,PKM;HSP90AB1;HSP90AA1;HSPA8;YWHAE;CD74
17,prerank,Histone Deacetylase Binding (GO:0042826),0.4382986804833088,1.8263026631752288,0.0071301247771836,0.15692914980757164,0.769,10/12,40.97%,HSPA1A;HSP90AB1;HSP90AA1;H1-5;RBBP4;YWHAE;SFPQ;UBE2V1;YWHAB;HDAC1
18,prerank,Nucleosome Binding (GO:0031491),0.33756398621768235,1.8055919675615497,0.008880994671403197,0.16434639155511827,0.81,17/22,45.24%,H3-3A;H1-2;H1-1;MACROH2A1;H2AZ1;H1-0;H1-5;HNRNPC;RBBP4;SSRP1;HMGA2;PARP1;RCC1;H1-10;SUPT16H;HDAC1;NAP1L4
19,prerank,Polyubiquitin Modification-Dependent Protein Binding (GO:0031593),-0.5697109786396672,-1.768322933542954,0.013333333333333334,0.24345629979329475,0.791,5/6,24.84%,PRPF8;PSMD4;RAD23B;BABAM2;BAG6
20,prerank,Ubiquitin-Like Protein Transferase Activity (GO:0019787),-0.3590971943022989,-1.750063639582106,0.016355140186915886,0.2362412661152781,0.826,13/16,45.06%,UBE2I;TRIM25;CUL5;CUL3;CUL2;UBE2D2;UBE2M;UBR4;RBX1;UFL1;FBXO22;TRIM28;FBXO2
21,prerank,Tau Protein Binding (GO:0048156),0.4732881440725598,1.7479907991317325,0.030575539568345324,0.21567149484328715,0.911,5/9,10.64%,APOE;CLU;HSP90AB1;HSP90AA1;PPP2CA
22,prerank,Pyridoxal Phosphate Binding (GO:0030170),0.5190896690644629,1.7418838319970127,0.022968197879858657,0.20721593968766827,0.92,6/8,24.49%,ALB;SHMT2;PYGB;OAT;PYGL;PSAT1
23,prerank,Phosphatase Activity (GO:0016791),-0.5316901408450704,-1.7374518220829227,0.013015184381778741,0.22554359453990844,0.845,7/7,47.11%,ARMT1;PSPH;PPP1CC;CILP2;PTPRM;PPP1CB;PPP1CA
24,prerank,Disordered Domain Specific Binding (GO:0097718),0.5148636176859109,1.7281497200406752,0.0111731843575419,0.20893420877117574,0.931,5/8,13.44%,GAPDH;HSPA1A;HSP90AB1;HSP90AA1;CLTC
25,prerank,"Phosphatidylinositol-3,4,5-Trisphosphate Binding (GO:0005547)",-0.5683035275259058,-1.717263765994624,0.04148471615720524,0.22578811274734545,0.878,4/6,7.36%,FERMT2;OBSCN;GBF1;IQGAP2
26,prerank,Ubiquitin Binding (GO:0043130),-0.3933773658450907,-1.7171212870768158,0.023148148148148147,0.20574206552309948,0.878,12/13,53.07%,RAD23B;NEDD4;VPS36;TOLLIP;TSG101;NPLOC4;UCHL3;BUB3;NSFL1C;OTUB1;USP5;UBE2N
27,prerank,Small GTPase Binding (GO:0031267),-0.28390610706136665,-1.6857922533470697,0.035046728971962614,0.22219369509802123,0.919,13/23,27.18%,AP3M1;IQGAP2;RAB3GAP2;ATP6AP1;TNPO3;STRN3;RANBP1;GAPVD1;NDRG1;ARHGAP1;MYCBP2;RANGAP1;NCKAP1
28,prerank,Ubiquitin-Like Protein Ligase Activity (GO:0061659),-0.34506248584322874,-1.6582480914060114,0.033632286995515695,0.2368591448163786,0.96,12/15,45.06%,CUL4A;NEDD4;TRIM25;MYCBP2;CUL3;UBE2D2;UBR4;NT5C2;RBX1;UFL1;TRIM28;FBXO2
29,prerank,"Oxidoreductase Activity, Acting On NAD(P)H, Quinone Or Similar Compound As Acceptor (GO:0016655)",0.5507331378299121,1.6494066036811417,0.033962264150943396,0.29974010620684965,0.982,6/6,45.12%,AKR1C3;DCXR;CBR1;CRYZ;NQO1;AKR1C2
30,prerank,Cysteine-Type Deubiquitinase Activity (GO:0004843),-0.4894366197183099,-1.6450000219924932,0.029914529914529916,0.2359111665352381,0.965,7/7,51.32%,USP15;UCHL3;USP9X;USP7;OTUB1;USP14;USP5
31,prerank,Receptor Ligand Activity (GO:0048018),0.24475702335815566,1.6276437876810081,0.02809917355371901,0.31775791739331627,0.987,14/34,18.88%,APOA1;F2;HSPA1A;GDF15;TGFB1;CLEC11A;MDK;IGF2;COLEC10;CRLF1;FLNB;APP;SEMA3B;AGT
32,prerank,Calcium Ion Binding (GO:0005509),0.18746285216833963,1.605740613033738,0.05211726384364821,0.3350336089813245,0.989,29/62,30.45%,CLU;FBLN1;GSN;THBS4;SPOCK2;COMP;AGRN;HSPA5;HSP90B1;THBS1;C1R;F9;ADAMTS13;AMY1A;CLEC3B;ITIH1;MASP1;LTBP4;THBS3;PLA2G2A;LRP1;ANXA5;PRF1;CALM1;TGM2;CDH1;IQGAP1;ANXA6;CDH11
33,prerank,Low-Density Lipoprotein Particle Receptor Binding (GO:0050750),0.38852353069424345,1.5993510874139902,0.037037037037037035,0.3287012197833143,0.992,6/12,13.44%,APOB;APOE;CLU;HSP90B1;HSPG2;CLTC
34,prerank,Deubiquitinase Activity (GO:0101005),-0.3409055131642052,-1.5789604137007796,0.022573363431151242,0.3123769003649434,0.992,12/14,51.32%,USP15;PRPF8;EIF3H;UCHL3;COPS5;USP9X;COPS6;PSMD7;USP7;OTUB1;USP14;USP5
35,prerank,Monocarboxylic Acid Binding (GO:0033293),0.5764017893685349,1.5740532480112925,0.045098039215686274,0.3563972105123118,0.995,4/5,23.03%,AKR1C3;SERPINA5;PSAP;PYGL
36,prerank,Insulin-Like Growth Factor I Binding (GO:0031994),-0.5638921453692849,-1.570941858847871,0.06072874493927125,0.30330649746006716,0.994,5/5,43.83%,ITGB3;IGFBP4;IGFBP1;LRP2;IGFBP2
37,prerank,3'-5' Exonuclease Activity (GO:0008408),-0.4964815687634718,-1.5697020867958684,0.06092436974789916,0.28717368955321126,0.994,4/6,16.13%,XRN2;PNPT1;RAD50;EXOSC4
38,prerank,Protein Homodimerization Activity (GO:0042803),0.13250381322837315,1.560731594421188,0.049689440993788817,0.36298018946860666,0.998,104/123,73.06%,APOE;GLUD1;APOA1;GDF15;NPM1;ENO1;HSP90AB1;XPNPEP3;HSP90AA1;FLNA;RACK1;THBS1;ATIC;SERPINF2;ANG;EXT1;AMBP;SHMT2;FBLN5;MASP1;SRM;JCHAIN;MYH9;ACTN1;HNRNPC;TPI1;G6PD;IDH1;PSAP;TYRP1;COL2A1;HSD17B4;APLP2;SFPQ;CORO1A;EXT2;GLB1;HARS1;ACTN4;PARP1;MSH3;XPNPEP1;GALM;SORD;SARS1;TPM1;S100P;SNX2;PDCD6IP;PLEK;CRYL1;GLA;HSPB1;UXS1;SHMT1;DNM1L;VIL1;GSTM3;EFEMP2;ACHE;APOA4;SSBP1;MGAT2;STC2;GSTM2;CAT;TPR;ACOT7;KARS1;ADAM10;EPRS1;WARS1;DPYD;APOA2;TFRC;PRPS1;HPD;HMGCS1;PSMD7;SH3GLB1;NAGA;CPQ;ELAVL1;PAFAH1B3;AIMP1;PDGFA;GLCE;ADD2;EEA1;PDXK;CACYBP;DPP4;VPS25;COL9A1;SNX1;NUDT21;GSTM1;PDE2A;TPM4;PAPSS1;CPOX;IDE;PTPA;ST6GAL1
39,prerank,mRNA 3'-UTR Binding (GO:0003730),-0.2482298339827833,-1.5521353818114942,0.06481481481481481,0.2955247055083839,0.997,24/26,67.56%,LRPPRC;CPSF1;PABPC4;IGF2BP2;EXOSC4;TIAL1;CIRBP;IGF2BP1;KHSRP;ILF3;NUDT21;HNRNPA0;ELAVL1;PABPC1;SERBP1;DDX17;DDX5;HNRNPU;RSL1D1;RPS7;RPL5;CRYZ;HNRNPA2B1;CARHSP1
40,prerank,Growth Factor Activity (GO:0008083),0.40253876351898743,1.542026008139536,0.04275092936802974,0.377955617647002,0.999,5/10,11.86%,F2;TGFB1;CLEC11A;MDK;IGF2
41,prerank,Ubiquitin Protein Ligase Activity (GO:0061630),-0.3298146995441002,-1.5233974316999692,0.06306306306306306,0.31995336136927627,1.0,11/14,45.06%,CUL4A;NEDD4;TRIM25;MYCBP2;CUL3;UBE2D2;UBR4;NT5C2;RBX1;TRIM28;FBXO2
42,prerank,Protein Tyrosine Kinase Activity (GO:0004713),-0.5059517090707976,-1.5220307748294435,0.055793991416309016,0.30584826422637496,1.0,4/6,14.96%,TWF1;CSK;JAK2;SRC
43,prerank,Myosin Binding (GO:0017022),0.47007042253521125,1.5149127902947424,0.08630393996247655,0.4115620044167123,0.999,7/7,53.19%,GSN;RAB11B;CORO1A;RAB14;APEX1;MYLK2;RAB6A
44,prerank,Actin Binding (GO:0003779),0.22245262029452792,1.506244647774595,0.057692307692307696,0.4102349157415779,0.999,21/36,38.16%,GSN;PFN1;ANG;SPTBN1;MYH9;EZR;ALDOA;FLNB;SPTAN1;P4HB;PARVB;CORO1A;CAPZA1;COTL1;ACTN4;FSCN1;CAPZB;TPM1;MYH10;MSN;PFN2
45,prerank,Iron Ion Binding (GO:0005506),0.46671159303776855,1.494487568819971,0.07481751824817519,0.41685601677301815,0.999,5/7,25.83%,LTF;FTH1;PLOD3;HAAO;ACO2
46,prerank,Carbohydrate Kinase Activity (GO:0019200),-0.4867155698982264,-1.4921301300627523,0.06451612903225806,0.3295546537491191,1.0,5/6,33.78%,GALK2;GNE;NAGK;HK2;HK1
47,prerank,Double-Stranded DNA Binding (GO:0003690),0.2543880466339711,1.4854588797308605,0.07950530035335689,0.41754344939417043,0.999,17/26,41.79%,H1-2;H1-1;MACROH2A1;H1-0;XRCC5;H1-5;XRCC6;FEN1;DHX9;RPS3;MSH3;PRKDC;YBX1;APEX1;H1-10;TOP1;HNRNPU
48,prerank,Endonuclease Activity (GO:0004519),0.4902644179100193,1.4853072029517567,0.07581227436823104,0.40298371575512865,0.999,5/6,35.01%,ANG;FEN1;RPS3;SND1;APEX1
49,prerank,G Protein-Coupled Receptor Binding (GO:0001664),0.35915056078922536,1.4761036189259722,0.07924528301886792,0.4062199902997916,0.999,7/12,24.43%,HSPA1A;FLNA;DMBT1;HSPA8;PSMC5;FLNB;C1QBP
50,prerank,GTP Binding (GO:0005525),0.2025896294586377,1.4725943462216131,0.08277027027027027,0.3988577808737581,0.999,26/41,45.35%,GLUD1;TUBA1C;TUBB4B;TUBA4A;EEF1A1;RAP1B;TUBB1;RAN;ARF1;RAC1;RAB11B;TUBB3;ARF4;TUBA8;ARF5;RAB14;TGM2;ANXA6;NME1;RAB7A;RHOC;DNM2;CDC42;RAB1B;TUBB2A;RAB5A
51,prerank,Metalloendopeptidase Activity (GO:0004222),-0.4231318631260952,-1.4595611924589325,0.08742004264392324,0.36154906730196945,1.0,6/8,31.62%,THOP1;ADAMTSL2;MMP2;BMP1;IDE;PMPCB
52,prerank,Metallopeptidase Activity (GO:0008237),-0.2989897803027511,-1.451393439513445,0.06802721088435375,0.35838289478195484,1.0,13/16,50.61%,THOP1;PRPF8;ADAMTSL2;MMP2;BMP1;IDE;EIF3H;PMPCB;COPS5;RNPEP;COPS6;PSMD7;ADAM10
53,prerank,Sequence-Specific DNA Binding (GO:0043565),0.3262567309458938,1.449269130384074,0.08333333333333333,0.4276685658497964,0.999,12/14,54.00%,NCL;XRCC5;XRCC6;HNRNPD;YBX1;PRMT5;WDR77;HNRNPU;HLX;ERH;TFAM;UBA2
54,prerank,Growth Factor Receptor Binding (GO:0070851),-0.32399913770925676,-1.4368092897531517,0.10294117647058823,0.3663005006510297,1.0,9/13,35.77%,PDGFC;JAK2;SLC9A3R1;ITGB3;SRC;VEGFA;SNX1;IL1RAP;PDGFA
55,prerank,Lipase Inhibitor Activity (GO:0055102),0.4885630498533725,1.4300688193230584,0.08193668528864059,0.45176538809266203,1.0,6/6,51.32%,APOC3;APOC2;ANXA5;ANXA4;APOC1;APOA2
56,prerank,Aldehyde Dehydrogenase (NAD+) Activity (GO:0004029),0.47415776876487525,1.4259124128698213,0.0959409594095941,0.4323844579849992,1.0,5/6,37.00%,ALDH1A1;ALDH1L1;ALDH9A1;ALDH7A1;ALDH2
57,prerank,Aldehyde Dehydrogenase [NAD(P)+] Activity (GO:0004030),0.47415776876487525,1.4259124128698213,0.0959409594095941,0.4323844579849992,1.0,5/6,37.00%,ALDH1A1;ALDH1L1;ALDH9A1;ALDH7A1;ALDH2
58,prerank,mRNA 5'-UTR Binding (GO:0048027),0.3317668199074678,1.4176076140908425,0.11888111888111888,0.43504066297266336,1.0,10/14,39.63%,NCL;SHMT2;RPS13;RPS14;RPS3A;MYH10;RPL5;SHMT1;RPS7;RSL1D1
59,prerank,Purine Ribonucleoside Triphosphate Binding (GO:0035639),0.14017167691845853,1.416658353040276,0.10526315789473684,0.4249060090013981,1.0,52/89,46.81%,GLUD1;ACTA1;HSPA1A;PGK1;TUBA1C;HSP90AB1;HSP90AA1;TUBB4B;TUBA4A;EEF1A1;HSPA5;RAP1B;TUBB1;RAN;GALK1;ACLY;HSPA8;ARF1;DHX9;MYH9;RAC1;RAB11B;TUBB3;PYGL;OLA1;PSMA6;ARF4;HSPA4;HARS1;TUBA8;ARF5;RAB14;TGM2;EIF4A3;ANXA6;NME1;ATP5F1A;TARS1;MYH10;RAB7A;RHOC;HSP90AB4P;DNM2;GPI;TOP1;HNRNPU;CDC42;RAB1B;TUBB2A;RAB5A;PFKL;ATP1A1
60,prerank,Exonuclease Activity (GO:0004527),-0.3800202373906811,-1.4054051089920259,0.10683760683760683,0.400450402538099,1.0,5/9,16.13%,EXOSC6;XRN2;RAD50;DCPS;EXOSC4
61,prerank,Serine-Type Endopeptidase Activity (GO:0004252),0.24636681629928495,1.402266581117429,0.10374149659863946,0.43927020497695307,1.0,14/25,33.31%,F2;PLG;F10;C1R;CNTN1;F9;MASP1;C1S;PCSK6;HP;HGFAC;CTSH;CFB;HABP2
62,prerank,Sulfotransferase Activity (GO:0008146),-0.45571847507331376,-1.3915904895747537,0.1074561403508772,0.40881563374181984,1.0,6/6,54.65%,SULT1A3;SULT1E1;HS6ST1;GAL3ST1;SULT2A1;SULT1A1
63,prerank,aminoacyl-tRNA Ligase Activity (GO:0004812),0.2583940155020241,1.3876771034261333,0.10608695652173913,0.45443695498026837,1.0,17/21,56.05%,VARS1;RARS1;HARS1;DARS1;SARS1;TARS1;IARS1;NARS1;QARS1;GARS1;FARSB;KARS1;EPRS1;WARS1;MARS1;IARS2;LARS1
64,prerank,Chemoattractant Activity (GO:0042056),-0.4860562332342123,-1.377090093306648,0.12134831460674157,0.41776750801306545,1.0,4/5,30.27%,HMGB2;VEGFA;HMGB1;BMP4
65,prerank,Sterol Transfer Activity (GO:0120015),0.46217008797653963,1.3702347057991233,0.12962962962962962,0.4626713699218923,1.0,6/6,53.95%,APOB;APOA1;PLTP;APOA4;APOA2;MTTP
66,prerank,Cholesterol Transfer Activity (GO:0120020),0.46217008797653963,1.3702347057991233,0.12962962962962962,0.4626713699218923,1.0,6/6,53.95%,APOB;APOA1;PLTP;APOA4;APOA2;MTTP
67,prerank,Cytokine Receptor Binding (GO:0005126),-0.4131816044254793,-1.369295458159617,0.12581344902386118,0.41642847973424363,1.0,6/7,43.72%,USP15;JAK2;FKBP1A;VEGFA;IL1RAP;SDCBP
68,prerank,snoRNA Binding (GO:0030515),0.4237089201877935,1.3651989368262674,0.13211009174311927,0.4603480953515349,1.0,7/7,57.80%,XRCC5;PRKDC;NOP56;NOP58;SNU13;RRP9;DDX21
69,prerank,Guanyl-Nucleotide Exchange Factor Activity (GO:0005085),-0.3140433504987621,-1.3617408613457562,0.13646532438478748,0.4152121522176432,1.0,7/13,21.33%,OBSCN;GBF1;EIF2B4;RAB3GAP2;GAPVD1;MYCBP2;BMP1
70,prerank,Acetylglucosaminyltransferase Activity (GO:0008375),0.41874087401075977,1.3581160471429974,0.12704174228675136,0.4639065390351128,1.0,6/7,44.59%,EXT1;B4GAT1;HEXB;EXT2;MGAT2;MGAT1
71,prerank,RNA Polymerase II Cis-Regulatory Region Sequence-Specific DNA Binding (GO:0000978),0.25124839384016984,1.342313612065497,0.12750455373406194,0.48224611917678334,1.0,14/21,42.96%,H3-3A;H2AZ1;DHX9;HMGA1;ZNF366;HMGA2;SARS1;RUVBL2;PRMT5;AKR1B1;HDAC1;TOP1;HNRNPU;GARS1
72,prerank,Metal Ion Binding (GO:0046872),0.1314732025142219,1.3319786515829153,0.13513513513513514,0.49070375016336987,1.0,38/92,30.45%,APOE;CLU;FBLN1;GSN;THBS4;SPOCK2;COMP;AGRN;HSPA5;HSP90B1;THBS1;C1R;RAN;F9;ADAMTS13;AMY1A;CLEC3B;ITIH1;MASP1;FEN1;LTBP4;HSPE1;THBS3;IDH1;PLA2G2A;LRP1;PLOD3;ANXA5;PRF1;CALM1;TGM2;FSCN1;PGM1;CDH1;IQGAP1;ANXA6;NME1;CDH11
73,prerank,MHC Protein Binding (GO:0042287),0.40906509277387715,1.3296862120808541,0.13394495412844037,0.48418629238240624,1.0,6/7,45.59%,TUBB4B;ATP5F1B;COL2A1;CD74;TUBB2A;CD81
74,prerank,"Oxidoreductase Activity, Acting On The CH-OH Group Of Donors, NAD Or NADP As Acceptor (GO:0016616)",0.20969322207019717,1.3275550694610028,0.1440677966101695,0.4776184035266681,1.0,17/31,35.59%,LDHA;DHRS2;AKR1C3;UGDH;DCXR;AKR1A1;LDHB;MDH2;PHGDH;ADH5;G6PD;HSD17B4;PGD;SORD;AKR7A2;CBR1;CRYL1
75,prerank,Signaling Receptor Complex Adaptor Activity (GO:0030159),-0.4636576787807737,-1.3113566282975124,0.1494949494949495,0.4925965999743256,1.0,5/5,53.83%,MMS19;GNB4;GNB2;PTPN11;GNB1
76,prerank,Ubiquitin-Like Protein Peptidase Activity (GO:0019783),-0.3757758995274322,-1.3101163581671238,0.13963963963963963,0.4792336010610513,1.0,7/8,49.74%,USP15;UCHL3;COPS5;COPS4;USP9X;USP7;OTUB1
77,prerank,Phosphatidylcholine-Sterol O-acyltransferase Activator Activity (GO:0060228),0.488276670574443,1.305043388992799,0.16827852998065765,0.5102302423389466,1.0,5/5,51.32%,APOE;APOA4;APOA5;APOC1;APOA2
78,prerank,alditol:NADP+ 1-Oxidoreductase Activity (GO:0004032),0.4304985337243402,1.2928155923111997,0.16893203883495145,0.5131752750009906,1.0,6/6,57.10%,AKR1C3;AKR1E2;AKR7A2;AKR1B1;AKR1C2;AKR1B10
79,prerank,Alcohol Dehydrogenase (NADP+) Activity (GO:0008106),0.4304985337243402,1.2928155923111997,0.16893203883495145,0.5131752750009906,1.0,6/6,57.10%,AKR1C3;AKR1E2;AKR7A2;AKR1B1;AKR1C2;AKR1B10
80,prerank,General Transcription Initiation Factor Binding (GO:0140296),0.47254992944157037,1.2781898249150203,0.18076923076923077,0.5310548235538232,1.0,4/5,33.37%,PSMC5;RUVBL1;RUVBL2;AKR1B1
81,prerank,Guanyl Ribonucleotide Binding (GO:0032561),0.1633117651585723,1.2643032376601735,0.18403908794788273,0.5478246136829739,1.0,28/47,45.35%,GLUD1;TUBA1C;TUBB4B;TUBA4A;EEF1A1;RAP1B;TUBB1;RAN;ARF1;RAC1;RAB11B;TUBB3;ARF4;TUBA8;ARF5;RAB14;TGM2;ANXA6;NME1;RAB18;RAB7A;RHOC;RAB5C;DNM2;CDC42;RAB1B;TUBB2A;RAB5A
82,prerank,Lipase Activity (GO:0016298),-0.4119843925923343,-1.2539574323500597,0.20833333333333334,0.5766289497331695,1.0,5/6,41.50%,CES1;LIPC;PLBD2;PLA1A;LYPLA1
83,prerank,Phosphoric Ester Hydrolase Activity (GO:0042578),-0.38264303581797976,-1.2514042854209646,0.20734341252699784,0.5641968660545932,1.0,6/7,47.11%,ARMT1;PPP1CC;SAMHD1;PTPRM;PPP1CB;PPP1CA
84,prerank,Flavin Adenine Dinucleotide Binding (GO:0050660),0.3162763200945211,1.2351159900202158,0.1958174904942966,0.5978859293394426,1.0,9/11,51.26%,QSOX1;PCYOX1;CYB5R3;ACADVL;SORD;ETFA;SDHA;GSR;DPYD
85,prerank,ADP Binding (GO:0043531),0.3438364446637347,1.2319138841237227,0.20540540540540542,0.5929580367582102,1.0,6/9,34.19%,GLUD1;ACTA1;PGK1;MYH9;ATP5F1A;MYH10
86,prerank,UDP-glycosyltransferase Activity (GO:0008194),0.3416031285614912,1.2271835459061518,0.2179261862917399,0.592965317884172,1.0,7/9,44.65%,EXT1;B4GAT1;HEXB;B4GALT1;EXT2;MGAT1;HYAL1
87,prerank,DNA Polymerase Binding (GO:0070182),0.4098911020594235,1.2197711045422008,0.23047619047619047,0.5964022253331734,1.0,4/6,27.82%,HSP90AB1;HSP90AA1;PCNA;PTGES3
88,prerank,RNA Polymerase II Transcription Regulatory Region Sequence-Specific DNA Binding (GO:0000977),0.20567356162318418,1.2171664056420988,0.2078853046594982,0.5909030758188173,1.0,20/26,57.74%,H3-3A;ENO1;MACROH2A1;H2AZ1;DHX9;RPS3;HMGA1;ZNF366;MACROH2A2;SARS1;RUVBL2;AKR1B1;HDAC1;TOP1;HNRNPU;GARS1;UBA2;RBMX;PURA;ZKSCAN1
89,prerank,Microtubule Plus-End Binding (GO:0051010),-0.4320046893317702,-1.2089986385818163,0.2484076433121019,0.6352928231389018,1.0,5/5,56.98%,NUMA1;TBCB;MAPRE1;MAPRE2;PAFAH1B1
90,prerank,Protein Kinase Inhibitor Activity (GO:0004860),0.3745008381839616,1.2087992412192081,0.2154696132596685,0.5975458722096849,1.0,3/7,7.42%,NPM1;MACROH2A1;RACK1
91,prerank,Chemorepellent Activity (GO:0045499),-0.3684767780383562,-1.20748227890429,0.22675736961451248,0.620536909586773,1.0,6/7,48.45%,SEMA7A;SEMA3F;DPP4;SEMA3C;SEMA3A;SEMA4B
92,prerank,Serine-Type Peptidase Activity (GO:0008236),0.1985780160349205,1.2006670662760563,0.22462562396006655,0.6050563741561509,1.0,24/28,67.04%,F2;PLG;F10;C1R;CNTN1;F9;MASP1;C1S;PCSK6;HP;HGFAC;CTSH;CFB;HABP2;HTRA1;CTSV;PCSK5;F11;MASP2;PCSK9;TPP1;PREP;MBTPS1;DPP4
93,prerank,"DNA-binding Transcription Activator Activity, RNA Polymerase II-specific (GO:0001228)",-0.43024618991793667,-1.1992831574585539,0.22125813449023862,0.6211740541730089,1.0,5/5,57.16%,STAT5B;STAT3;CDC5L;UBA2;GARS1
94,prerank,Amino Acid Binding (GO:0016597),0.4400369545799129,1.199000883759175,0.23452157598499063,0.5979985374758623,1.0,3/5,17.71%,GLUD1;SHMT2;ASS1
95,prerank,Protein Serine/Threonine Kinase Inhibitor Activity (GO:0030291),0.42172606104240523,1.17730700194658,0.25047801147227533,0.6319574335640498,1.0,4/5,38.69%,MACROH2A1;YWHAG;HSPB1;PRKAR2A
96,prerank,Protein Serine/Threonine Kinase Activator Activity (GO:0043539),0.3932079912711334,1.1772590649630417,0.24618320610687022,0.621705354407273,1.0,4/6,29.11%,LTF;IGF2;CALM1;IQGAP1
97,prerank,DNA Binding (GO:0003677),0.1172127860838535,1.1741452901889613,0.2630744849445325,0.6184707312723603,1.0,36/84,33.20%,ALB;H2AC21;H2BC11;H1-2;H1-1;SUB1;MACROH2A1;H2AZ1;ANG;H1-0;XRCC5;H1-5;XRCC6;JCHAIN;FEN1;DHX9;RPS3;APP;HMGA1;HSPD1;APLP2;MACROH2A2;PCNA;HNRNPA1;SFPQ;HMGA2;ACTN4;FSCN1;PARP1;MSH3;PRKDC;HUWE1;YBX1;RUVBL2;KHDRBS1;DDB1
98,prerank,"Phosphotransferase Activity, Alcohol Group As Acceptor (GO:0016773)",-0.27353512851156525,-1.1735415164738463,0.25112107623318386,0.6628161657595537,1.0,8/12,37.93%,SHPK;GALK2;GNE;PAPSS1;HK2;HK1;PDXK;NT5C2
99,prerank,Hexosyltransferase Activity (GO:0016758),0.28134196586227195,1.1619600300489517,0.27177700348432055,0.6334267538340399,1.0,12/12,72.06%,EXT1;ALG1;B4GAT1;HEXB;B4GALT1;EXT2;MGAT1;HYAL1;AGL;FUT3;HEXA;B3GAT3
100,prerank,"Oxidoreductase Activity, Acting On The Aldehyde Or Oxo Group Of Donors, NAD Or NADP As Acceptor (GO:0016620)",0.3559349480098499,1.149615564593708,0.2903225806451613,0.6489093462376428,1.0,5/7,37.00%,AKR1C3;ALDH1A1;ALDH9A1;AKR1B1;ALDH2
101,prerank,Cysteine-Type Peptidase Activity (GO:0008234),0.2247194713050334,1.1477115567940424,0.28771929824561404,0.6430432219882501,1.0,15/19,57.63%,CTSB;PDIA3;CTSD;CTSH;CAPN2;HINT1;CTSZ;GGH;USP5;CTSV;USP14;OTUB1;USP7;CTSC;USP9X
102,prerank,Kinase Activity (GO:0016301),-0.2776428545715941,-1.1379052058033226,0.29411764705882354,0.7270993416347264,1.0,7/11,34.48%,MAP4K4;SHPK;GALK2;CDK1;PAPSS1;CSNK2A1;PDXK
103,prerank,"Phosphatidylinositol-4,5-Bisphosphate Binding (GO:0005546)",0.29941053047528476,1.1359980807280257,0.29856115107913667,0.656880644119606,1.0,3/10,2.75%,PARD3;GSN;PFN1
104,prerank,Glutathione Transferase Activity (GO:0004364),0.33490336199738097,1.128679937854229,0.3065953654188948,0.6629059206642014,1.0,6/8,42.90%,GSTA5;GSTO1;GSTP1;GSTM3;GSTA1;GSTM2
105,prerank,RNA Polymerase II Core Promoter Sequence-Specific DNA Binding (GO:0000979),0.4039587886354355,1.1273257465277036,0.299009900990099,0.6559476097355987,1.0,4/5,40.97%,H3-3A;H2AZ1;RUVBL2;HDAC1
106,prerank,Kinase Binding (GO:0019900),0.1179144275792309,1.1207253226672182,0.2819672131147541,0.6608103664075538,1.0,55/73,65.23%,ACTB;GSN;PLG;NPM1;HSP90AB1;TUBA4A;EEF1A1;FLNA;MACROH2A1;EEF2;GRB7;PEBP1;PGAM1;YWHAZ;CLTC;RPS3;AP1B1;RAC1;CHIA;CALM1;LIMS1;PARP1;IQGAP1;ILK;NSF;UBE2V1;AP2A1;MSN;HSPB1;RPS7;QARS1;CDC37;GARS1;DCTN1;CDC42;PFKL;TTN;RCC2;ADAM10;WARS1;PRDX3;MVP;TFRC;RPS6;NBEAL2;DNAJC3;MAPRE1;PPP1CB;RPS19;GYS1;UFL1;ELAVL1;PTPN11;ADD2;HNRNPA0
107,prerank,NF-kappaB Binding (GO:0051059),0.40370320194988796,1.1180897169112853,0.31643356643356646,0.6569794006737286,1.0,4/5,40.97%,NPM1;PSMA6;ANXA4;HDAC1
108,prerank,Ubiquitin Protein Ligase Binding (GO:0031625),0.1359584270605657,1.1166620385310526,0.3272425249169435,0.6507847607349719,1.0,19/56,22.27%,CLU;HSPA1A;VCP;HSP90AB1;HSP90AA1;HSPA5;RPS27A;XRCC5;YWHAZ;PRDX6;HSPA8;TCP1;TPI1;PA2G4;CCT2;HSPD1;YWHAE;HSPA9;RTN4
109,prerank,RNA Cap Binding (GO:0000339),-0.36045789546556195,-1.1152574124558186,0.2976939203354298,0.7651990401719904,1.0,5/6,46.64%,DCPS;NCBP1;CYFIP2;EIF4E;EIF3D
110,prerank,Cysteine-Type Endopeptidase Activity (GO:0004197),0.23583118263226482,1.1099143426613765,0.3099099099099099,0.6546026358649559,1.0,12/15,57.63%,CTSB;PDIA3;CTSD;CTSH;CAPN2;CTSZ;USP5;CTSV;USP14;USP7;CTSC;USP9X
111,prerank,Exopeptidase Activity (GO:0008238),-0.229990219620367,-1.1039068473096043,0.33414634146341465,0.7738634488070567,1.0,14/15,70.13%,DPP9;TPP2;DPP4;CTSA;RNPEP;PRCP;DPP3;NPEPPS;CPE;GGH;CTSZ;CNDP2;XPNPEP1;CTSH
112,prerank,RNA Nuclease Activity (GO:0004540),-0.33096410695118933,-1.090362631090834,0.3488372093023256,0.7860127235943819,1.0,4/7,22.56%,EXOSC6;DCPS;EXOSC4;SAMHD1
113,prerank,Phosphatidylinositol Bisphosphate Binding (GO:1902936),0.27166003747578255,1.0840352099514432,0.3392539964476021,0.7005790209614156,1.0,3/11,2.75%,PARD3;GSN;PFN1
114,prerank,acetyl-CoA C-acyltransferase Activity (GO:0003988),-0.388042203985932,-1.0788315329189093,0.3391304347826087,0.795550467248096,1.0,5/5,61.37%,ACAA2;HADHB;HADHA;ACAT2;ACAT1
115,prerank,Ubiquitin-Like Protein Ligase Binding (GO:0044389),0.12986043442350073,1.0786452239044173,0.37664473684210525,0.702524047368499,1.0,19/57,22.27%,CLU;HSPA1A;VCP;HSP90AB1;HSP90AA1;HSPA5;RPS27A;XRCC5;YWHAZ;PRDX6;HSPA8;TCP1;TPI1;PA2G4;CCT2;HSPD1;YWHAE;HSPA9;RTN4
116,prerank,Ubiquitin-Protein Transferase Inhibitor Activity (GO:0055105),0.3804220398593201,1.0629854667585374,0.3709981167608286,0.7171704958621599,1.0,5/5,62.07%,RPL11;RPL5;RPS7;RPS20;RPL17
117,prerank,Ubiquitin Ligase Inhibitor Activity (GO:1990948),0.3804220398593201,1.0629854667585374,0.3709981167608286,0.7171704958621599,1.0,5/5,62.07%,RPL11;RPL5;RPS7;RPS20;RPL17
118,prerank,NAD Binding (GO:0051287),0.24656428336474723,1.0625957093680534,0.3822463768115942,0.7086969736107884,1.0,8/13,38.57%,GLUD1;ALDH1A1;SORD;CRYZ;CRYL1;ALDH2;QDPR;UXS1
119,prerank,Sequence-Specific Double-Stranded DNA Binding (GO:1990837),0.21035162956381676,1.058820885009966,0.3822525597269625,0.707864993469179,1.0,10/19,33.37%,MACROH2A1;XRCC5;XRCC6;DHX9;HSPD1;MACROH2A2;SFPQ;HMGA2;YBX1;AKR1B1
120,prerank,"Acyltransferase Activity, Transferring Groups Other Than Amino-Acyl Groups (GO:0016747)",-0.3819036786566616,-1.0542373273237164,0.38626609442060084,0.8359861426414021,1.0,4/5,40.85%,OSGEP;NAA15;NMT1;ELP3
121,prerank,Platelet-Derived Growth Factor Binding (GO:0048407),0.34545454545454535,1.0540539784531069,0.3797709923664122,0.7088588833946287,1.0,6/6,65.58%,COL6A1;COL2A1;COL1A2;COL5A1;PDGFA;COL3A1
122,prerank,Double-Stranded RNA Binding (GO:0003725),0.2159924144740103,1.0528624399162332,0.37285223367697595,0.7022053919461695,1.0,7/17,21.22%,HSP90AB1;TUBB4B;CLTC;DHX9;ACTN1;EIF4A1;HSPD1
123,prerank,Semaphorin Receptor Binding (GO:0030215),-0.3435836317969998,-1.0514476933657162,0.37554585152838427,0.8238885397094791,1.0,5/6,48.45%,SEMA7A;SEMA3F;SEMA3C;SEMA3A;SEMA4B
124,prerank,Cadherin Binding (GO:0045296),0.0828700640342516,1.041056651395818,0.3980169971671388,0.7172994854122056,1.0,50/140,29.46%,PKM;PFN1;HSPA1A;KRT18;ENO1;HSP90AB1;TLN1;LDHA;CLIC1;FLNA;HSPA5;EIF5;EEF2;RACK1;EEF1G;ATIC;RAN;FASN;YWHAZ;PRDX6;RARS1;HSPA8;SPTBN1;PRDX1;MYH9;EZR;CCT8;ALDOA;FLNB;SPTAN1;PAICS;SEPTIN9;USO1;IDH1;RAB11B;HNRNPK;YWHAE;RTN4;TAGLN2;NOTCH3;OLA1;RPS2;RPS26;CAPZA1;FSCN1;CAPZB;CDH1;SND1;IQGAP1;RUVBL1
125,prerank,Protein Serine/Threonine Phosphatase Activity (GO:0004722),-0.3535676424433472,-1.0404722797739916,0.3728448275862069,0.8315966427650119,1.0,5/6,47.11%,PPM1G;PPP1CC;PPP3CA;PPP1CB;PPP1CA
126,prerank,Nuclear Receptor Binding (GO:0016922),-0.25063631082279086,-1.0402083575603924,0.3940774487471526,0.8141882221426652,1.0,10/12,57.69%,SMARCA4;MMS19;STAT5B;STAT1;PARK7;CTNNB1;PPID;CALR;YWHAH;DDX5
127,prerank,GTPase Binding (GO:0051020),-0.15255108050365795,-1.034459240723641,0.39712918660287083,0.8100503226274679,1.0,14/32,27.35%,AP3M1;IQGAP2;RAB3GAP2;ATP6AP1;TNPO3;STRN3;RANBP1;GAPVD1;NDRG1;ARHGAP1;MYCBP2;RANGAP1;NCKAP1;GNB2
128,prerank,Phospholipase Activity (GO:0004620),-0.23183995220403825,-1.0295961025101688,0.39826839826839827,0.804966164793046,1.0,9/13,44.71%,SMPD1;LYPLA2;LIPC;PLD3;PLBD2;PLA1A;LYPLAL1;LYPLA1;ENPP2
129,prerank,Core Promoter Sequence-Specific DNA Binding (GO:0001046),0.2848286113114026,1.0244913666722097,0.4074074074074074,0.7443440018132451,1.0,3/9,7.07%,H3-3A;NPM1;H2AZ1
130,prerank,Protein Phosphatase Regulator Activity (GO:0019888),-0.2779042802450472,-1.0239908930274828,0.40589569160997735,0.8014907626385661,1.0,6/9,37.81%,PPP2R5D;PTPA;B3GAT3;PPP2R2A;PPME1;PPP1R7
131,prerank,Protein Heterodimerization Activity (GO:0046982),0.1454154351755996,1.0159751057635507,0.4280701754385965,0.7535981991727636,1.0,33/38,73.23%,KRT1;RAN;EXT1;PPP2CA;CFHR5;KRT10;P4HB;YWHAE;EXT2;PPP2R1A;TPM1;PRMT5;SNX2;RCC1;PAFAH1B1;ATP1A1;YWHAH;TCOF1;APOA2;MTTP;UBA2;SDCBP;NOLC1;PAFAH1B3;PDGFA;ADD2;AOC3;ITGB1;HEXA;SNX1;TPM4;SAE1;LSM6
132,prerank,Telomeric DNA Binding (GO:0042162),0.26566657333063404,1.0120111041554032,0.42568807339449544,0.7529047753144033,1.0,6/10,35.01%,NCL;XRCC5;XRCC6;HNRNPD;HNRNPA2B1;APEX1
133,prerank,Protein Kinase Regulator Activity (GO:0019887),-0.21369818032303284,-1.0110091133397385,0.4228187919463087,0.8150554750683122,1.0,13/15,64.64%,GMFB;MOB1A;NEK9;PRKAG1;CSNK2B;PRKAR1A;MAP2K1;ELP3;DNAJC3;QARS1;PRKAR2A;ETFA;YWHAB
134,prerank,SH3 Domain Binding (GO:0017124),0.3650395556377881,1.0011460879164402,0.4351145038167939,0.7664082259306176,1.0,4/5,44.77%,KHDRBS1;DNM2;VASP;MAPK15
135,prerank,Protein Kinase Activator Activity (GO:0030295),0.2611543426937519,0.9994270426608127,0.43820224719101125,0.7610801264143459,1.0,6/10,35.77%,LTF;IGF2;RPLP1;CALM1;IQGAP1;ETFA
136,prerank,Heme Binding (GO:0020037),0.29642060616025645,0.9954746708812301,0.4482758620689655,0.7604884993586858,1.0,3/8,10.29%,HBB;AMBP;HBE1
137,prerank,Glucuronosyltransferase Activity (GO:0015020),0.3567886781139419,0.9949134843662939,0.45149253731343286,0.7530305949626842,1.0,3/5,25.72%,EXT1;B4GAT1;EXT2
138,prerank,Transcription Regulatory Region Nucleic Acid Binding (GO:0001067),0.21976540685690135,0.9942665135874669,0.44310344827586207,0.7458881626879563,1.0,8/15,33.37%,MACROH2A1;XRCC5;XRCC6;DHX9;MACROH2A2;SFPQ;HMGA2;AKR1B1
139,prerank,mRNA Binding (GO:0003729),0.10335787749908203,0.9938043576184039,0.45754716981132076,0.7386850976304222,1.0,52/82,54.82%,PKM;NCL;SHMT2;SRSF1;DHX9;RPS3;HNRNPC;EIF4A1;RPS13;ACO1;CCT5;PPIE;HNRNPK;RPS14;EIF6;RPS2;C1QBP;RPS26;SF3B1;EIF4A3;HNRNPAB;SRSF7;RPS5;CARHSP1;KHDRBS1;HNRNPA2B1;RPS3A;MYH10;CRYZ;RPL5;SSB;SHMT1;RPS7;ETF1;RSL1D1;HNRNPU;DDX5;DDX17;EIF2S1;TPR;DDX6;PCBP1;PCBP2;SERBP1;RPL7;HNRNPR;CSTF3;RPL26;EIF3D;PABPC1;PTBP1;RBMX
140,prerank,Calcium Channel Regulator Activity (GO:0005246),-0.3299620492808138,-0.9927243776827839,0.43991416309012876,0.8422415271744231,1.0,4/6,32.20%,SRI;NRXN1;FKBP1A;PHPT1
141,prerank,Protein Phosphorylated Amino Acid Binding (GO:0045309),0.3296664025880547,0.9921234751647019,0.46934865900383144,0.7341833960084764,1.0,4/6,35.48%,PFN1;YWHAZ;YWHAE;YWHAB
142,prerank,FAD Binding (GO:0071949),0.35690124931585626,0.9765705894212395,0.4729458917835671,0.7575802293159123,1.0,3/5,26.48%,QSOX1;PCYOX1;CYB5R3
143,prerank,Cis-Regulatory Region Sequence-Specific DNA Binding (GO:0000987),0.1863863899281144,0.9758514043494869,0.4607142857142857,0.7505663524416623,1.0,15/20,57.74%,H3-3A;H2AZ1;DHX9;HMGA1;ZNF366;SARS1;RUVBL2;AKR1B1;HDAC1;TOP1;HNRNPU;GARS1;UBA2;RBMX;ZKSCAN1
144,prerank,Microtubule Binding (GO:0008017),-0.16048666633878023,-0.9701907390806054,0.455188679245283,0.8803840440584192,1.0,19/24,62.19%,MAP4K4;LRPPRC;MACF1;NDRG1;FTCD;CKAP5;ARL3;DRG1;MAP4;NUMA1;TBCB;MAPRE1;MAPRE2;RCC2;DCTN1;PAFAH1B1;DNM1L;DNM2;KIF5B
145,prerank,RNA Polymerase II-specific DNA-binding Transcription Factor Binding (GO:0061629),-0.1586960920189209,-0.9693969522628928,0.4759725400457666,0.8656996432917641,1.0,23/25,75.86%,MTA2;SMARCA4;ADD1;CPNE1;DNAJA1;MAPK14;STAT1;STAT3;CSNK2B;HMGB1;CTNNB1;TCERG1;RBX1;FBP1;HDAC1;HSPB1;ANXA4;AKR1B1;PRKDC;PARP1;ACTN4;HMGA2;PSMA6
146,prerank,Peptidase Activator Activity (GO:0016504),0.30307989243697864,0.9656116855539628,0.47686832740213525,0.7637818864337933,1.0,4/7,28.58%,VCP;PSMD14;PSME2;PCOLCE
147,prerank,tRNA Binding (GO:0000049),0.24305074280595468,0.9630249046865341,0.4944237918215613,0.7609142017350145,1.0,10/11,67.10%,EEF1A1;SARS1;SSB;EIF2S1;KARS1;EIF2S3;ELP1;XPOT;AIMP1;HSD17B10
148,prerank,RNA Binding (GO:0003723),0.054015382144228255,0.9625044485029504,0.4966532797858099,0.7540505056493406,1.0,265/400,63.18%,C4BPA;PKM;PFN1;HSPA1A;NPM1;KRT18;ENO1;H1-2;VCP;HSP90AB1;PPIB;HSP90AA1;SUB1;TUBB4B;PPIA;EEF1A1;FLNA;EIF5;EEF2;HSP90B1;RPS27A;RACK1;UBA1;RAN;NCL;ANG;H1-0;RPSA;GANAB;METTL16;CS;PEBP1;FASN;RPS10;DDX39B;SNRPD3;XRCC5;SRSF1;H1-5;YWHAZ;RPL22;PDIA3;XRCC6;RPS18;CLTC;CCT3;SRSF3;HSPA8;ARF1;SPTBN1;DHX9;RPS9;TCP1;PRDX1;RPS16;MYH9;ACTN1;RPS3;CCT4;HNRNPC;EZR;EIF4A1;PA2G4;MDH2;DYNC1H1;ALDOA;RPS25;FLNB;ASS1;RPLP0;ANKRD17;RPS13;HSPE1;RPL10A;USO1;RPL30;ACO1;HMGA1;PPIE;PSMC1;HLA-A;LRP1;HNRNPK;GDI2;HSPD1;P4HB;ADK;YWHAE;HSPA9;RRBP1;AARS1;RTN4;SNRPD1;KPNB1;RPS14;EIF6;PSMA6;RPS2;C1QBP;RPL12;HNRNPA1;YWHAG;RPS26;SFPQ;CORO1A;DCD;SSRP1;SERPINH1;SF3B1;ACTN4;EIF3C;RPL27A;RPS4X;EIF4A3;FSCN1;PARP1;HNRNPAB;SND1;DARS1;FBL;NME1;SNRPD2;SRSF7;PRKDC;HUWE1;RPS5;HNRNPD;YBX1;NAP1L1;SARS1;SRSF2;ATP5F1A;KHDRBS1;RPL18;RPS11;HNRNPA2B1;ROCK2;DIAPH1;RPL11;PSMA1;RPS3A;MYH10;APEX1;RPL5;CCT6A;SSB;MSN;EIF3L;ARCN1;HSPB1;H1-10;EWSR1;SUPT16H;EIF3B;ILF2;RPS15A;EIF3E;RPS7;ETF1;EIF4A2;PSPC1;RSL1D1;KTN1;SRSF4;RPL14;TOP1;DDX1;SSBP1;HNRNPU;PLEC;DDX5;PDIA4;PSMD2;NQO1;DDX17;EIF2S1;RPL9;HNRNPF;STIP1;TPR;NAP1L4;SRP14;RPS8;RPL15;RPL27;DDX6;PCBP1;RPL4;RALY;UBE2N;KARS1;PCBP2;NOP56;MAGOH;EIF2S3;EIF5A;NOP58;SNRNP200;RTCB;RCC2;ERH;SERBP1;RPS23;RPL7;EPRS1;TCOF1;HNRNPR;RPL29;CSTF3;RPL13;RPL28;GLRX3;RPL26;RPL8;NONO;EIF3D;TFRC;RPS6;TFAM;PABPC1;PTBP1;RPS17;EIF4E;LSM3;SNRPGP15;RPS27;RBMX;SNRPA1;RPS20;PRRC2A;PURA;HNRNPH1;MAPRE1;SNU13;RRP9;SLC3A2;SNRPA;U2AF2;DDX21;AHNAK;ELP1;EIF3I;CALR;RPS19;CPSF6;PCSK9;TRIM28;TUFM;TNPO1;RPL35A;RPL7A;XPOT;NOLC1;ALYREF;SLC16A3;ELAVL1;PRMT1;RPL17;HNRNPL;SNRPF;RBM25;MTREX;AIMP1;ANXA11;RPL18A
149,prerank,Magnesium Ion Binding (GO:0000287),-0.15883570350470194,-0.9607561855632869,0.47117794486215536,0.869800167494972,1.0,22/25,71.77%,HMGCL;GSS;SRPK1;PSPH;IDH3A;FARSA;PCK1;PDE2A;ITGB1;XYLT2;PDXK;GCLC;ME1;UBA2;FIGNL1;FARSB;IDH2;GPI;S100P;NME1;PGM1;FSCN1
150,prerank,Ribosome Binding (GO:0043022),0.1940869439291377,0.9592443349269769,0.4875886524822695,0.7527443252824773,1.0,9/19,29.75%,NPM1;EEF2;RACK1;RPSA;DHX9;EIF6;C1QBP;EIF3C;NME1
151,prerank,Protein Kinase Binding (GO:0019901),0.09596405354892239,0.9556772745925508,0.5024232633279483,0.7521251004588819,1.0,63/82,68.79%,ACTB;NPM1;HSP90AA1;TUBA4A;EEF1A1;MACROH2A1;EEF2;RACK1;GRB7;PEBP1;PGAM1;YWHAZ;CLTC;RPS3;EZR;AP1B1;RAC1;YWHAG;CALM1;LIMS1;PARP1;IQGAP1;ILK;GSTP1;NSF;HINT1;KHDRBS1;PLEK;UBE2V1;AP2A1;MSN;HSPB1;PRKAR2A;RPS7;QARS1;GARS1;DCTN1;CDC42;TPR;TTN;RCC2;ADAM10;WARS1;PRDX3;MVP;TFRC;RPS6;NBEAL2;DNAJC3;MAPRE1;CDH5;PPP1CB;RPS19;GYS1;UFL1;ELAVL1;PTPN11;ADD2;HNRNPA0;ITGB1;PRKAR1A;PRKACA;DSP
152,prerank,"Hydrolase Activity, Acting On Carbon-Nitrogen (But Not Peptide) Bonds, In Linear Amides (GO:0016811)",-0.29107981220657275,-0.9547225665236031,0.5045871559633027,0.8678458001497119,1.0,7/7,71.07%,VNN1;NDST1;NADSYN1;NIT2;HDAC1;HINT1;DARS1
153,prerank,Cyclosporin A Binding (GO:0016018),0.3171207306747862,0.9546136662097583,0.4980392156862745,0.7463890584342333,1.0,3/6,20.11%,PPIB;PPIA;PPIE
154,prerank,Signal Sequence Binding (GO:0005048),-0.29129579376204084,-0.9533700781467078,0.511482254697286,0.8554452021597944,1.0,3/7,11.69%,IPO4;IPO5;BABAM2
155,prerank,Transforming Growth Factor Beta Binding (GO:0050431),0.34190607176196663,0.9515509749330764,0.5009487666034156,0.7448696477004936,1.0,4/5,47.63%,THBS1;LTBP4;TSKU;CD109
156,prerank,Cadherin Binding Involved In Cell-Cell Adhesion (GO:0098641),-0.3364850266690262,-0.9509845478851086,0.48623853211009177,0.8455645523241617,1.0,2/5,4.21%,PDLIM5;ANXA2
157,prerank,Clathrin Adaptor Activity (GO:0035615),-0.3090909090909091,-0.9502623017281767,0.5087336244541485,0.8327615612318913,1.0,6/6,69.26%,AP1G2;AP2A2;AP1M1;AP2A1;AP2B1;AP2M1
158,prerank,Ubiquitin-Like Protein Conjugating Enzyme Binding (GO:0044390),-0.33041941145567266,-0.9491056626594323,0.4925053533190578,0.8209296810187457,1.0,4/5,46.11%,TOLLIP;PARK7;TCERG1;UBA2
159,prerank,Nuclease Activity (GO:0004518),0.26363865133966713,0.9478322333325135,0.4991055456171735,0.7450526232685813,1.0,6/9,41.67%,ANG;FEN1;SND1;NME1;APEX1;DDX1
160,prerank,Hormone Activity (GO:0005179),0.3385263573650449,0.9447959900301982,0.49809160305343514,0.7437804070361675,1.0,3/5,27.24%,FLNB;AGT;REG3A
161,prerank,Ubiquitin-Specific Protease Binding (GO:1990381),-0.33055007116849383,-0.9319448423515797,0.5560165975103735,0.8447761741458674,1.0,3/5,24.84%,SART3;PARK7;BAG6
162,prerank,"Hydroxymethyl-, Formyl- And Related Transferase Activity (GO:0016742)",0.33718706481385086,0.9166307017913227,0.5936329588014981,0.7906309406141121,1.0,4/5,47.40%,ATIC;SHMT2;SHMT1;GART
163,prerank,RNA Polymerase Binding (GO:0070063),-0.30166040273805794,-0.9134590408892114,0.56,0.8691107063199038,1.0,4/6,34.66%,NEDD4;PABPN1;STOM;TCERG1
164,prerank,acyl-CoA Hydrolase Activity (GO:0047617),-0.3222953464558742,-0.9049193326949586,0.5553097345132744,0.8725845199861098,1.0,3/5,26.71%,ACAA2;PPT1;ACOT1
165,prerank,Carboxylic Acid Binding (GO:0031406),0.3047744636727531,0.9025307021952408,0.5888030888030888,0.8098362487359241,1.0,3/6,20.92%,AMBP;ASS1;PSAP
166,prerank,Cytokine Activity (GO:0005125),0.2297756140867861,0.8994456091024801,0.5664335664335665,0.8079625038199834,1.0,3/11,6.20%,C5;GDF15;TGFB1
167,prerank,"Oxidoreductase Activity, Acting On The CH-NH Group Of Donors, NAD Or NADP As Acceptor (GO:0016646)",0.26188212343956846,0.89917507583167,0.5945945945945946,0.8008368654821093,1.0,5/8,38.11%,BLVRB;ALDH1L1;PYCR1;MTHFD1;QDPR
168,prerank,GTPase Activity (GO:0003924),-0.11118749708670622,-0.896922407091705,0.5855421686746988,0.8766327048342123,1.0,36/46,66.51%,RAB9A;RRAS;RAB6D;RAB4A;GNAI2;GSPT1;DDX3X;AGAP5;RAB8B;GNB2;ARF6;NRAS;EFTUD2;SAR1B;DRG1;ABCE1;SEPTIN8;RAB21;RAB5B;RAB2A;RAB1A;RAB6A;SAR1A;GNB1;RAB5A;RAB1B;CDC42;DNM1L;DNM2;SEPTIN2;SEPTIN7;RAB5C;RHOC;RAB7A;RAB18;SEPTIN11
169,prerank,Poly-Purine Tract Binding (GO:0070717),-0.22984357033232347,-0.8917563777867963,0.5782312925170068,0.8739661464541804,1.0,4/10,15.78%,PNPT1;PABPC4;PABPN1;DDX3X
170,prerank,Phosphatase Binding (GO:0019902),-0.17354946023941836,-0.8891349136604546,0.578088578088578,0.8662625533061448,1.0,12/18,48.16%,SLC9A3R1;MAPK14;SFI1;STAT3;MAPK1;RPA2;CTNNB1;PPME1;CDH5;CTSC;MVP;MAPK3
171,prerank,Pyrophosphatase Activity (GO:0016462),0.27938738507252114,0.8861858476189884,0.5985533453887885,0.8184140586810781,1.0,4/7,31.39%,CLU;DHX9;PPA2;PPA1
172,prerank,Poly-Pyrimidine Tract Binding (GO:0008187),0.23329653825805835,0.8854334801197178,0.5939849624060151,0.8122375758693584,1.0,8/10,57.69%,HNRNPC;KHDRBS1;SSB;HNRNPU;PABPC1;PTBP1;HNRNPH1;U2AF2
173,prerank,Protein Kinase C Binding (GO:0005080),0.26608746965673713,0.8809244062644331,0.5963302752293578,0.8131876977659038,1.0,5/8,37.58%,RACK1;YWHAG;HINT1;PLEK;HSPB1
174,prerank,Zinc Ion Binding (GO:0008270),0.12398929244820717,0.8805135153208141,0.6030150753768844,0.8064531428317352,1.0,30/39,65.63%,ADAMTS13;SHMT2;HNRNPC;SEC23A;ADH5;KPNB1;LIMS1;BHMT;PARP1;SORD;TARS1;SEC24C;RGN;TIMP1;SHMT1;NPEPPS;GLO1;DPP3;PAM;EPRS1;KNG1;RPS27;ENPP2;SEC24A;CALR;RNPEP;TRIM28;TIMP2;EEA1;PDXK
175,prerank,Transition Metal Ion Binding (GO:0046914),0.09977019288839507,0.8782530724306002,0.604133545310016,0.8034167765904364,1.0,59/65,81.77%,ALB;LTF;XPNPEP3;ANG;ADAMTS13;SHMT2;FEN1;HNRNPC;SEC23A;ADH5;FTH1;PLOD3;KPNB1;PCK2;B4GALT1;ACO2;LIMS1;BHMT;PARP1;XPNPEP1;SORD;TARS1;SEC24C;RGN;TIMP1;SHMT1;APOA4;MGAT2;NPEPPS;MGAT1;FTL;GLO1;DPP3;PAM;EPRS1;KNG1;RPS27;ENPP2;SEC24A;ME1;CALR;RNPEP;TRIM28;TIMP2;EEA1;PDXK;AOC3;XYLT2;GPC1;PDE2A;IDE;GALNT2;ACE;PCK1;PARK7;SAMHD1;MYCBP2;TIMM13;DPYS
176,prerank,ATP Binding (GO:0005524),0.11306478148981175,0.8700568660375948,0.5901639344262295,0.8113337582072296,1.0,24/47,41.79%,ACTA1;HSPA1A;PGK1;HSP90AB1;HSP90AA1;HSPA5;GALK1;ACLY;HSPA8;DHX9;MYH9;PYGL;OLA1;HSPA4;HARS1;EIF4A3;NME1;ATP5F1A;TARS1;MYH10;HSP90AB4P;GPI;TOP1;HNRNPU
177,prerank,Insulin-Like Growth Factor Binding (GO:0005520),-0.2603028701505629,-0.8598893095253174,0.6283367556468172,0.9145825657406651,1.0,5/7,43.83%,ITGB3;IGFBP4;IGFBP1;LRP2;IGFBP2
178,prerank,Translation Initiation Factor Activity (GO:0003743),-0.1520751945158096,-0.8548783303262657,0.6596736596736597,0.9112719152864847,1.0,18/22,66.16%,EIF2B4;EIF2S2;EIF3J;EIF3G;EIF3H;EIF5B;COPS5;EIF3I;EIF4E;EIF3D;EIF2S3;EIF2S1;EIF4A2;EIF3E;EIF3B;EIF3L;EIF3F;EIF3K
179,prerank,ATPase Binding (GO:0051117),-0.20222665605017426,-0.8546135497063525,0.6425339366515838,0.8984274962162605,1.0,10/11,70.43%,DNAJC10;SRC;S100A1;PPP3CA;DNAJB1;ALDOB;SNU13;NOP58;AKR1B1;FBL
180,prerank,Low-Density Lipoprotein Particle Binding (GO:0030169),0.26455680050040664,0.8485064226599288,0.6360225140712945,0.8431230303730624,1.0,6/7,59.91%,THBS1;PLTP;LDLR;SORL1;PCSK9;SCARB1
181,prerank,Calcium-Dependent Phospholipid Binding (GO:0005544),-0.2529342723004695,-0.8476459568409497,0.6630196936542669,0.899223149708133,1.0,7/7,74.87%,ANXA2;CPNE1;ESYT1;CPNE3;ANXA4;ANXA6;ANXA5
182,prerank,NADP Binding (GO:0050661),-0.19658622719246616,-0.847289603473381,0.6475770925110133,0.8869555649287536,1.0,12/12,80.54%,CRYM;SPR;GRHPR;ME1;DPYD;CBR3;GMDS;QDPR;CRYZ;DECR1;PGD;G6PD
183,prerank,Carboxylic Ester Hydrolase Activity (GO:0052689),0.1537273695721717,0.8313118478262922,0.6568457538994801,0.8665232912281742,1.0,12/22,40.91%,APMAP;NOTUM;PRDX6;PLA2G2A;ESD;AARS1;LCAT;PLA2G7;ALDH2;RGN;ETF1;ACHE
184,prerank,RNA Stem-Loop Binding (GO:0035613),0.30486653675596476,0.8293814429531151,0.6863799283154122,0.862307219913483,1.0,4/5,50.67%,METTL16;DHX9;MYH10;EPRS1
185,prerank,Phosphoric Diester Hydrolase Activity (GO:0008081),0.29698470664301446,0.8150121730033503,0.700587084148728,0.8804206558219904,1.0,2/5,12.39%,NOTUM;PDIA3
186,prerank,Receptor Tyrosine Kinase Binding (GO:0030971),0.266275659824047,0.8138380963548673,0.7063339731285988,0.8749579908151739,1.0,6/6,73.47%,RACK1;PCNA;MST1;PTPN11;CPNE3;LRP4
187,prerank,Ribonucleoside Triphosphate Phosphatase Activity (GO:0017111),0.10771266423040675,0.8135578292121032,0.6912521440823327,0.8680171192193307,1.0,39/47,73.52%,EEF1A1;RAP1B;EEF2;RAN;ARF1;DHX9;SEPTIN9;RAC1;RAB11B;ARF4;RAB14;SEPTIN11;RAB18;RAB7A;RHOC;RAB5C;SEPTIN7;SEPTIN2;DNM2;DNM1L;CDC42;RAB1B;RAB5A;GNB1;SAR1A;RAB6A;RAB1A;RAB2A;RAB5B;RAB21;SEPTIN8;ABCE1;DRG1;SAR1B;EFTUD2;NRAS;ARF6;GNB2;RAB8B
188,prerank,"Steroid Dehydrogenase Activity, Acting On The CH-OH Group Of Donors, NAD Or NADP As Acceptor (GO:0033764)",0.2930832356389215,0.8061788490521031,0.7123552123552124,0.8736997370423322,1.0,5/5,70.78%,AKR1C3;HSD17B4;AKR1C2;HSD17B10;DHRS11
189,prerank,Phosphatidylinositol Binding (GO:0035091),0.21148631215058195,0.8023452338741195,0.6982142857142857,0.8725699436301028,1.0,9/10,69.43%,PARD3;GRB7;APLP2;SNX2;SNX5;SCARB1;NUMA1;EEA1;SNX1
190,prerank,miRNA Binding (GO:0035198),-0.24882629107981222,-0.8021027071766237,0.6943231441048034,0.9626137687686019,1.0,7/7,75.28%,PNPT1;ZC3H7A;ELAVL1;DDX21;HNRNPA2B1;YBX1;HNRNPA1
191,prerank,Transcription Coregulator Binding (GO:0001221),-0.19058652131851042,-0.7967750841594556,0.7276688453159041,0.9587681172709323,1.0,5/12,21.16%,CTBP1;SMARCA4;UBE2I;STAT1;MED6
192,prerank,Carboxypeptidase Activity (GO:0004180),0.21120756378313638,0.7912491256488989,0.7015503875968992,0.884221209944989,1.0,6/10,40.44%,CPN1;CPA1;CPVL;CPB2;CTSZ;CPE
193,prerank,Protein Tyrosine Phosphatase Activity (GO:0004725),0.24062469210696005,0.7882920791214034,0.7509578544061303,0.8820707670156286,1.0,4/7,35.18%,PTPRF;PPP2CA;PTPRD;PTPRS
194,prerank,Hsp70 Protein Binding (GO:0030544),-0.25565353819210895,-0.7822069141458551,0.7311827956989247,0.9720060985520587,1.0,4/6,39.92%,DNAJC10;DNAJA1;DNAJB1;PPID
195,prerank,Tubulin Binding (GO:0015631),-0.1184237874223286,-0.776641537937307,0.7283653846153846,0.9689582483508651,1.0,21/28,62.19%,MAP4K4;LRPPRC;DDX3X;NDRG1;FTCD;TBCD;CKAP5;ARL3;DRG1;MAP4;NUMA1;DAG1;MAPRE2;RCC2;TTLL12;TPR;DCTN1;PAFAH1B1;DNM1L;DNM2;KIF5B
196,prerank,Single-Stranded RNA Binding (GO:0003727),0.21051380763194444,0.770198979098759,0.7345132743362832,0.9047440195022661,1.0,7/9,57.69%,DHX9;HNRNPC;HNRNPA1;HNRNPU;HNRNPF;PTBP1;U2AF2
197,prerank,Promoter-Specific Chromatin Binding (GO:1990841),0.2550878195905559,0.7688580559994123,0.7712177121771218,0.8994466439822892,1.0,4/6,42.43%,MACROH2A1;DHX9;HNRNPU;DDX5
198,prerank,Ion Channel Inhibitor Activity (GO:0008200),-0.24566074550527706,-0.755804201312096,0.7854166666666667,0.9915545856333327,1.0,4/6,40.68%,NEDD4;FKBP1A;PHPT1;PCSK9
199,prerank,pre-mRNA Binding (GO:0036002),0.21089354847786895,0.7553805193733242,0.7664233576642335,0.91315984645255,1.0,8/9,68.56%,HNRNPC;HNRNPA1;HNRNPU;DDX5;PTBP1;U2AF2;HNRNPL;TRA2B
200,prerank,Metallocarboxypeptidase Activity (GO:0004181),0.2323320215509432,0.7514946652156743,0.776908023483366,0.9119360628305212,1.0,3/7,21.27%,CPN1;CPA1;CPB2
201,prerank,Single-Stranded DNA Binding (GO:0003697),-0.13272984289239337,-0.7493234209370382,0.800453514739229,0.9896153760770464,1.0,16/22,58.56%,POLR2H;HMGB2;RAD23B;RPA2;SAMHD1;PARK7;HMGB1;FUBP1;RECQL;PURA;RPA1;PCBP2;PCBP1;HNRNPU;SSBP1;TOP1
202,prerank,U6 snRNA Binding (GO:0017070),-0.26735841191959364,-0.7450449059481938,0.7890295358649789,0.9839196729108519,1.0,4/5,52.13%,PRPF8;SART3;LSM3;EIF5A
203,prerank,Cell-Cell Adhesion Mediator Activity (GO:0098632),-0.21050282809254642,-0.7370659189070716,0.7551020408163265,0.9837193194305923,1.0,3/8,14.44%,PDLIM5;ANXA2;CNTN4
204,prerank,Aminopeptidase Activity (GO:0004177),0.25161290322580654,0.7370063604767638,0.7746212121212122,0.9258963051725809,1.0,6/6,74.93%,XPNPEP3;CTSH;XPNPEP1;NPEPPS;RNPEP;TPP2
205,prerank,Copper Ion Binding (GO:0005507),-0.1941282197554714,-0.7322159986295772,0.7662337662337663,0.9789667140304625,1.0,5/9,33.84%,LOXL2;CUTC;PARK7;GPC1;AOC3
206,prerank,Endopeptidase Activity (GO:0004175),0.08947181687802316,0.7311187515121002,0.8096,0.9271626884142816,1.0,37/53,62.42%,F2;PLG;F10;C1R;CNTN1;F9;ADAMTS13;CTSB;PDIA3;CTSD;MASP1;C1S;PSMA6;PCSK6;HP;HGFAC;CTSH;CFB;HABP2;CTSZ;MST1;USP5;CTSV;ADAM10;USP14;PCSK5;F11;USP7;MASP2;CTSC;USP9X;PCSK9;PSMB5;PSMB6;PSMB9;TPP1;PREP
207,prerank,Transcription Cis-Regulatory Region Binding (GO:0000976),0.12128363291163011,0.7307481029014582,0.8152542372881356,0.9204174885816576,1.0,10/27,26.77%,NPM1;ENO1;MACROH2A1;XRCC5;XRCC6;RPS3;HMGA1;MACROH2A2;SFPQ;HMGA2
208,prerank,Adenyl Ribonucleotide Binding (GO:0032559),0.08832613310796239,0.7293861312720041,0.7792207792207793,0.9151174920735176,1.0,23/54,35.71%,GLUD1;ACTA1;HSPA1A;PGK1;HSP90AB1;HSP90AA1;HSPA5;GALK1;ACLY;HSPA8;DHX9;MYH9;APRT;PYGL;OLA1;HSPA4;HARS1;EIF4A3;NME1;ATP5F1A;TARS1;MYH10;HSP90AB4P
209,prerank,GDP Binding (GO:0019003),-0.14122074476259622,-0.723276902348814,0.8423529411764706,0.9802747162060554,1.0,10/18,39.98%,RAB9A;RRAS;RAB4A;DYNC1LI1;RAB8B;ARL3;NRAS;RAB21;RAB5B;RAB2A
210,prerank,Protein Tyrosine Kinase Binding (GO:1990782),0.17953527401238578,0.7216625608333719,0.8180112570356473,0.9185553397495854,1.0,10/11,73.47%,HSP90AA1;RACK1;PCNA;KHDRBS1;MST1;CDH5;PTPN11;ITGB1;CPNE3;LRP4
211,prerank,poly(A) Binding (GO:0008143),-0.20491363457972017,-0.7172603722134349,0.8530701754385965,0.9775077210020084,1.0,3/8,15.78%,PABPC4;PABPN1;DDX3X
212,prerank,Damaged DNA Binding (GO:0003684),0.1837113316877682,0.7076226239578585,0.8125,0.930399502726873,1.0,5/10,33.20%,FEN1;RPS3;PCNA;PARP1;DDB1
213,prerank,Single-Stranded Telomeric DNA Binding (GO:0043047),-0.24853458382180538,-0.6970890825125372,0.8662674650698603,0.9945390436684173,1.0,5/5,75.28%,RAD50;RPA2;RPA1;HNRNPA2B1;HNRNPA1
214,prerank,Transcription Corepressor Binding (GO:0001222),-0.22856838087491788,-0.6961827749472472,0.8697478991596639,0.9837444737596243,1.0,5/6,59.15%,CTBP1;STAT1;CTNNB1;ELOB;HDAC1
215,prerank,"Oxidoreductase Activity, Acting On The CH-CH Group Of Donors, NAD Or NADP As Acceptor (GO:0016628)",0.2147176517259834,0.694939725419257,0.8683693516699411,0.9397400810350934,1.0,5/7,51.26%,BLVRB;BLVRA;DECR1;AKR1C2;DPYD
216,prerank,Cholesterol Binding (GO:0015485),0.21997789679214746,0.6944751735304241,0.8387681159420289,0.9264029484272256,1.0,5/7,51.32%,APOA1;APOC3;ANXA6;CD81;APOA2
217,prerank,Sterol Binding (GO:0032934),0.21997789679214746,0.6944751735304241,0.8387681159420289,0.9264029484272256,1.0,5/7,51.32%,APOA1;APOC3;ANXA6;CD81;APOA2
218,prerank,Protein Phosphatase Binding (GO:0019903),0.15518697868081993,0.6918062241785738,0.8365896980461812,0.9225992082001243,1.0,3/14,7.42%,VCP;HSP90B1;RACK1
219,prerank,"Hydrolase Activity, Hydrolyzing O-glycosyl Compounds (GO:0004553)",0.21661084204428632,0.6844821564656631,0.8478260869565217,0.924671069819994,1.0,6/7,64.93%,MAN1A1;CHIA;GLA;CHI3L1;NEU1;MOGS
220,prerank,Kinase Inhibitor Activity (GO:0019210),-0.2003128531385122,-0.6835329156144871,0.8793103448275862,0.9883600600466854,1.0,6/7,64.64%,GMFB;CDK1;DNAJC3;WARS1;QARS1;YWHAB
221,prerank,DNA Secondary Structure Binding (GO:0000217),-0.2488837943260524,-0.6788945322918447,0.8710359408033826,0.9825731154388437,1.0,3/5,33.72%,HMGB2;HMGB1;HMGB3
222,prerank,Kinesin Binding (GO:0019894),-0.24405560392604142,-0.6782940333802694,0.8775510204081632,0.9719052844507318,1.0,3/5,33.90%,KLC4;TOR1B;KLC1
223,prerank,Cysteine-Type Endopeptidase Inhibitor Activity (GO:0004869),0.2469804781273277,0.6744628976309286,0.8427787934186471,0.9299078358732329,1.0,2/5,17.77%,LTF;CST3
224,prerank,Lipoprotein Particle Binding (GO:0071813),0.18848625708843375,0.6733144098962555,0.850187265917603,0.9247012492124248,1.0,7/9,59.91%,THBS1;PLTP;HSPD1;LDLR;SORL1;PCSK9;SCARB1
225,prerank,DNA-binding Transcription Factor Binding (GO:0140297),0.1075200325718424,0.6621249456429318,0.8812056737588653,0.929612299040646,1.0,26/28,82.82%,NPM1;FLNA;YWHAZ;DHX9;RPS3;PSMC5;HMGA2;PARP1;PRKDC;AKR1B1;HSPB1;GPI;HDAC1;FBP1;MAPK3;EIF4E;PURA;RBX1;TCERG1;CTNNB1;CARM1;HMGB1;CSNK2B;PARK7;STAT3;HCFC1
226,prerank,Actin Monomer Binding (GO:0003785),0.23965801968212413,0.6619941442806396,0.8849056603773585,0.9232137663347036,1.0,3/5,38.16%,PFN1;CORO1A;PFN2
227,prerank,Hydro-Lyase Activity (GO:0016836),-0.15304658269686636,-0.6549372679747523,0.8853658536585366,0.9876275894952449,1.0,9/13,52.89%,UROC1;HADHB;PARK7;FH;HADHA;CA3;ENO2;ENO3;GMDS
228,prerank,Basal RNA Polymerase II Transcription Machinery Binding (GO:0001099),0.23939253156426718,0.6538724576480345,0.8927272727272727,0.9250461491958674,1.0,4/5,56.87%,DHX9;AKR1B1;HNRNPU;DRAP1
229,prerank,snRNA Binding (GO:0017069),0.1498780079186899,0.6515856401763238,0.8644688644688645,0.9209395634674643,1.0,10/14,57.80%,DDX39B;SNRPD3;HNRNPC;SF3B3;HNRNPU;EIF5A;SNRPA1;SNU13;SNRPA;DDX21
230,prerank,Metalloexopeptidase Activity (GO:0008235),0.15773486000091122,0.6474518365133476,0.8944444444444445,0.9186189457528254,1.0,11/12,76.45%,XPNPEP3;CPN1;CPA1;CPB2;XPNPEP1;CPE;NPEPPS;RNPEP;CPQ;CPOX;PEPD
231,prerank,AMP Binding (GO:0016208),-0.21114369501466276,-0.637502004142134,0.9273858921161826,0.9950501734689965,1.0,6/6,79.02%,PFKP;PRKAG1;FBP1;PFKL;PYGL;APRT
232,prerank,Manganese Ion Binding (GO:0030145),0.15667327958312932,0.6351459426873075,0.8874773139745916,0.9239698894901973,1.0,11/12,76.91%,XPNPEP3;FEN1;PCK2;B4GALT1;XPNPEP1;MGAT2;MGAT1;ME1;XYLT2;GALNT2;PCK1
233,prerank,Metal-Dependent Deubiquitinase Activity (GO:0140492),-0.206052300007634,-0.6292068761939296,0.9223946784922394,0.9908723963189568,1.0,4/6,44.89%,PRPF8;EIF3H;COPS6;PSMD7
234,prerank,Regulatory RNA Binding (GO:0061980),0.17946726951875003,0.609138284295218,0.911070780399274,0.9403203771158507,1.0,4/8,33.43%,DHX9;HNRNPA1;YBX1;HNRNPA2B1
235,prerank,Carboxy-Lyase Activity (GO:0016831),-0.18251173708920188,-0.6044972274589798,0.9415584415584416,1.0,1.0,7/7,81.88%,SFI1;CSAD;ME1;UROD;UXS1;PCK2;PAICS
236,prerank,"DNA Binding, Bending (GO:0008301)",-0.19882697947214076,-0.5980263328612021,0.9451476793248945,0.9965960244160834,1.0,6/6,80.25%,HMGB2;HMGB1;HMGB3;TOP1;HMGA2;HMGA1
237,prerank,Syntaxin Binding (GO:0019905),-0.19127254520078646,-0.5908939720488414,0.9514767932489452,0.9906623280631686,1.0,2/6,12.80%,STXBP2;NAPA
238,prerank,Adenyl Nucleotide Binding (GO:0030554),-0.12956419316843343,-0.5804159893278177,0.9594882729211087,0.9869575171305709,1.0,13/13,87.20%,CTBP1;CRYM;SPR;ALDH1B1;BDH2;ME1;DPYD;CAT;ALDH2;SORD;PGD;G6PD;ALDH1A1
239,prerank,poly(U) RNA Binding (GO:0008266),-0.17822778284036062,-0.5745917752827482,0.9507494646680942,0.9797730116670302,1.0,6/7,67.39%,PNPT1;PABPC4;HNRNPH1;PABPC1;SSB;KHDRBS1
240,prerank,Kinase Activator Activity (GO:0019209),-0.2049670488623968,-0.5687824907146884,0.9684873949579832,0.9726656313250988,1.0,3/5,38.22%,MOB1A;NEK9;MAP2K1
241,prerank,Hsp90 Protein Binding (GO:0051879),0.17376506065444003,0.5212916250265212,0.9706457925636007,0.9859715995897255,1.0,5/6,66.86%,RPS3;PTGES3;STIP1;PPID;CSNK2A1
242,prerank,SH2 Domain Binding (GO:0042169),-0.1698548738510441,-0.5190593358408123,0.9727272727272728,0.9839259843386088,1.0,2/6,14.96%,JAK2;SRC
243,prerank,Fibroblast Growth Factor Binding (GO:0017134),0.14076246334310846,0.42733678967881,0.9980879541108987,0.9979843191889849,1.0,6/6,85.97%,THBS1;RPS2;GLG1;RPS19;GPC1;ITGB3
