Name,Term,ES,NES,NOM p-val,FDR q-val,FWER p-val,Tag %,Gene %,Lead_genes
prerank,Collagen-Containing Extracellular Matrix (GO:0062023),0.31586581178470724,4.033933374771611,0.0,0.0,0.0,77/159,21.51%,LGALS3BP;VTN;FN1;AHSG;ITIH2;FGB;APOE;FGA;MATN3;A2M;SERPINF1;APOA1;CLU;F2;PZP;TGFBI;FBLN1;PKM;LUM;GDF15;PLG;THBS4;F13A1;ITIH4;COMP;AGRN;APOH;KRT1;LAMB1;TGFB1;EFEMP1;COL6A1;LAMC1;COCH;HSP90B1;OGN;THBS1;FMOD;FGG;FGL1;SERPINC1;SERPINF2;SERPINA1;CNTN1;LAMA5;ANG;F9;CTSB;AMBP;HSPG2;MDK;CCN2;FBLN5;APOC3;CLEC3B;NID1;ITIH1;VWF;CTSD;COL6A3;LTBP4;RARRES2;COL18A1;FRAS1;SMOC1;SERPINA5;NPNT;SEMA3B;AGT;THBS3;LAMB2;TNXB;SERPINE1;TNC;COL1A1;PSAP;EMILIN1
prerank,Secretory Granule Lumen (GO:0034774),0.2963142729538004,3.702263822894402,0.0,0.0,0.0,115/152,49.91%,ALB;C3;LGALS3BP;FN1;AHSG;FGB;FGA;A2M;APOA1;CLU;LTF;PKM;GSN;QSOX1;PLG;ITIH3;F5;F13A1;ITIH4;VCP;HSP90AB1;PROS1;HSP90AA1;APOH;TUBB4B;PPIA;EEF1A1;TGFB1;EEF2;THBS1;FGG;SERPINF2;LYZ;SERPINA1;PSMD14;PGAM1;PYGB;IGF2;XRCC5;CLEC3B;VWF;PRDX6;XRCC6;CTSD;ACLY;HSPA8;RARRES2;ALDOC;ACTN1;HEXB;CCT8;PA2G4;DYNC1H1;PSMC3;ALDOA;SPTAN1;APP;CCT2;FERMT3;CAND1;IDH1;PPIE;PSMD13;SERPINE1;GDI2;APRT;PSMC2;MAN2B1;KPNB1;PYGL;OLA1;SERPING1;GLB1;COTL1;CYB5R3;ACTN4;HP;CTSH;PSMD12;HUWE1;GSTP1;PSMD11;S100P;ARPC5;GLA;CTSZ;PSMA2;PSMD3;TIMP1;GGH;ILF2;PSMB1;GPI;ECM1;FUCA1;PSMD6;CHI3L1;NIT2;PSMD2;PSMD1;CAT;PRDX4;SPP2;PSMA5;TUBB2A;SRP14;PFKL;IMPDH2;AGL;TTR;VCL;FTL;FUCA2;TIMP3;SELENOP
prerank,Platelet Alpha Granule Lumen (GO:0031093),0.5113153914880478,3.5010989146635194,0.0,0.0,0.0,26/36,24.14%,ALB;FN1;AHSG;FGB;FGA;A2M;CLU;QSOX1;PLG;F5;F13A1;PROS1;TGFB1;THBS1;FGG;SERPINF2;SERPINA1;IGF2;VWF;ACTN1;ALDOA;APP;FERMT3;SERPINE1;OLA1;SERPING1
prerank,Platelet Alpha Granule (GO:0031091),0.4730146103919072,3.4478350470337453,0.0,0.0,0.0,28/41,24.14%,ALB;FN1;AHSG;FGB;FGA;A2M;CLU;QSOX1;PLG;F5;F13A1;PROS1;TGFB1;THBS1;FGG;SERPINF2;SERPINA1;IGF2;VWF;ACTN1;SERPINA5;ALDOA;APP;FERMT3;SERPINE1;APLP2;OLA1;SERPING1
prerank,Intracellular Organelle Lumen (GO:0070013),0.20837827834366565,3.3181332701567827,0.0,0.0,0.0,169/281,44.07%,ALB;C3;HBB;APOB;FN1;AHSG;ITIH2;APOE;FGA;GLUD1;MATN3;C4A;APOA1;LTF;F2;PKM;GSN;QSOX1;GPC3;HSPA1A;LUM;AFP;F5;SERPIND1;VCP;HSP90AB1;PPIB;PROS1;HSP90AA1;SDC1;AGRN;KRT1;LAMB1;PDIA6;PPIA;EEF1A1;TGFB1;HSPA5;COL6A1;LAMC1;EEF2;HSP90B1;ATP5F1B;OGN;F10;THBS1;FMOD;NOTUM;FGG;SERPINC1;HYOU1;LYZ;SERPINA1;F9;PSMD14;ADAMTS13;SDC4;CTSB;SHMT2;GANAB;HSPG2;CS;PGAM1;PDIA3;OAT;XRCC6;CTSD;COL6A3;ACLY;HSPA8;ALDOC;RPS3;COL18A1;CCT8;MDH2;PSMC3;ALDOA;CST3;SPTAN1;APP;BPIFB2;HSPE1;CAND1;LAMB2;IDH1;PPIE;PSMD13;TNC;ETFB;ESD;COL1A1;HSPD1;FTH1;P4HB;HSPA9;PSMC2;COL2A1;KPNB1;APLP2;PYGL;PCK2;P4HA1;SERPING1;C1QBP;PYCR1;COL6A2;NDUFA9;ACO2;GLB1;FDXR;COTL1;PCSK6;SERPINH1;DNAJB11;HP;OMD;PGM1;PPA2;TST;CTSH;ACADVL;PSMD12;HUWE1;GSTP1;PSMD11;ATP5F1A;ALDH7A1;VCAN;COL12A1;ECHS1;DECR1;ACSS3;ETFA;ARPC5;ALDH2;CTSZ;PSMA2;CALR3;GPC6;PSMD3;TIMP1;GGH;ALDH5A1;ILF2;ACAT1;PSMB1;GPI;P4HA2;KTN1;QARS1;DLST;ACADSB;ABAT;NDUFS1;PSMD6;APOA4;APOA5;SSBP1;MFGE8;NIT2;STC2;COL15A1;IGFBP7;GARS1;PSMD2;CAT;PRDX4;SPP2;PSMA5
prerank,Ficolin-1-Rich Granule Lumen (GO:1904813),0.3389978456315329,3.10407058289489,0.0,0.0,0.0,55/71,46.00%,HBB;PKM;GSN;HSPA1A;VCP;HSP90AB1;HSP90AA1;KRT1;PPIA;EEF1A1;EEF2;SERPINA1;PSMD14;CTSB;PGAM1;XRCC6;CTSD;ACLY;HSPA8;ALDOC;CCT8;PSMC3;ALDOA;CST3;CAND1;IDH1;PPIE;PSMD13;FTH1;PSMC2;KPNB1;PYGL;GLB1;COTL1;PGM1;CTSH;PSMD12;HUWE1;GSTP1;PSMD11;ARPC5;CTSZ;PSMA2;PSMD3;ILF2;PSMB1;GPI;PSMD6;PSMD2;CAT;PRDX4;PSMA5;SRP14;PFKL;IMPDH2
prerank,Cytoplasmic Vesicle Lumen (GO:0060205),0.3507173816784363,3.0045977077210106,0.0,0.0,0.0,50/61,49.09%,C3;AHSG;APOA1;PKM;GSN;VCP;HSP90AB1;HSP90AA1;PPIA;EEF1A1;EEF2;PSMD14;PGAM1;XRCC5;XRCC6;HSPA8;ALDOC;CCT8;PSMC3;ALDOA;CAND1;IDH1;PPIE;PSMD13;GDI2;APRT;PSMC2;PYGL;COTL1;CTSH;PSMD12;HUWE1;GSTP1;PSMD11;S100P;ARPC5;PSMA2;PSMD3;PSMB1;GPI;PSMD6;PSMD2;CAT;PRDX4;PSMA5;SRP14;PFKL;IMPDH2;AGL;VCL
prerank,Ficolin-1-Rich Granule (GO:0101002),0.27623869102714654,2.6777800389170108,0.0,0.00012937545456240794,0.001,59/83,46.00%,HBB;CLU;PKM;GSN;HSPA1A;VCP;HSP90AB1;HSP90AA1;KRT1;PPIA;EEF1A1;EEF2;SERPINA1;PSMD14;CTSB;PGAM1;XRCC6;CTSD;ACLY;HSPA8;ALDOC;CCT8;PSMC3;ALDOA;CST3;CAND1;IDH1;RAC1;PPIE;PSMD13;FTH1;PSMC2;KPNB1;PYGL;COPB1;GLB1;COTL1;PGM1;CTSH;PSMD12;HUWE1;GSTP1;PSMD11;DIAPH1;ARPC5;CTSZ;PSMA2;PSMD3;ILF2;PSMB1;GPI;PSMD6;PSMD2;CAT;PRDX4;PSMA5;SRP14;PFKL;IMPDH2
prerank,Endoplasmic Reticulum Lumen (GO:0005788),0.21857083621607856,2.51553273941514,0.0,0.0005750020202773685,0.005,34/118,10.17%,ALB;C3;APOB;FN1;AHSG;ITIH2;APOE;FGA;MATN3;C4A;APOA1;F2;QSOX1;GPC3;AFP;F5;SERPIND1;PPIB;LAMB1;PDIA6;HSPA5;COL6A1;LAMC1;HSP90B1;F10;THBS1;NOTUM;FGG;SERPINC1;HYOU1;SERPINA1;F9;ADAMTS13;GANAB
prerank,Golgi Lumen (GO:0005796),0.4179282338784391,2.4539147287400263,0.005235602094240838,0.0014490050910989688,0.013,13/26,10.46%,F2;GPC3;LUM;PROS1;SDC1;AGRN;TGFB1;OGN;F10;FMOD;F9;SDC4;HSPG2
prerank,Cortical Actin Cytoskeleton (GO:0030864),0.5517206994201113,2.3489488292819423,0.0,0.003010919669816039,0.027,11/13,30.98%,GSN;EEF1A1;WDR1;SLC2A1;SPTBN1;SPTAN1;CORO1A;COTL1;ACTN4;CDH1;CAPN2
prerank,Cortical Cytoskeleton (GO:0030863),0.5061963110009965,2.3395504140357963,0.0,0.0030187606064561844,0.03,12/15,30.98%,GSN;EEF1A1;WDR1;SLC2A1;SPTBN1;EZR;SPTAN1;CORO1A;COTL1;ACTN4;CDH1;CAPN2
prerank,Basement Membrane (GO:0005604),0.43469217535873544,2.2827864108933063,0.0,0.004378861539035345,0.043,20/21,52.78%,THBS4;AGRN;LAMB1;LAMC1;LAMA5;ANG;HSPG2;NID1;FRAS1;SMOC1;LAMB2;TNC;LAMA3;NID2;EFEMP2;COL15A1;FBN1;HMCN1;LAMA2;DAG1
prerank,Actin Cytoskeleton (GO:0015629),0.2480574356331942,2.2793490448528044,0.001589825119236884,0.004213943377175573,0.045,42/72,36.24%,ACTB;GSN;ACTA1;EEF1A1;FLNA;ANG;H1-0;WDR1;SLC2A1;SPTBN1;DHX9;MYH9;ACTN1;HNRNPC;EZR;CORO1C;ALDOA;FLNB;SPTAN1;SEPTIN9;FERMT3;RAC1;PARVB;TAGLN2;NOTCH3;ACTR3;CFL1;CORO1A;CAPZA1;COTL1;ACTN4;FSCN1;CAPZB;CDH1;IQGAP1;CAPN2;ARPC2;TPM1;DIAPH1;APEX1;ARPC5;SEPTIN2
prerank,Endocytic Vesicle Lumen (GO:0071682),0.5309665263312513,2.2157297013318957,0.005199306759098787,0.006831024000895138,0.078,7/12,8.36%,HBB;APOB;APOE;LTF;HSP90AA1;HSP90B1;HYOU1
prerank,Tertiary Granule Lumen (GO:1904724),0.43618666321131155,2.210322084831058,0.0,0.006468772728120396,0.079,16/19,42.14%,HBB;LTF;QSOX1;LYZ;CTSD;ALDOC;CST3;SPTAN1;IDH1;FTH1;HP;PGM1;CTSH;GGH;ILF2;NIT2
prerank,Cytoskeleton (GO:0005856),0.19700612666073464,2.1755876071812166,0.0,0.007975616257729619,0.109,58/109,36.35%,GAPDH;ACTB;CLU;GSN;ACTA1;KRT8;TUBA1C;KRT1;TUBB4B;TUBA4A;FLNA;TUBB1;ANG;H1-0;SHMT2;PPP2CA;CCT3;EML4;SPTBN1;DHX9;ALDOC;MYH9;HNRNPC;EZR;CORO1C;CCT8;ALDOA;FLNB;SPTAN1;SEPTIN9;RAC1;P4HB;TUBB3;PARVB;TAGLN2;NOTCH3;ACTR3;CFL1;CAPZA1;PPP2R1A;TUBA8;ACTN4;FSCN1;CAPZB;CDH1;IQGAP1;ARPC2;TPM1;HINT1;ROCK2;SEPTIN11;ACTR1A;APEX1;ARPC5;SEPTIN7;SEPTIN2;MSN;KRT13
prerank,Vesicle (GO:0031982),0.23583525542131595,2.13060336776934,0.0016181229773462784,0.01058003717310358,0.15,32/68,26.18%,GAPDH;FGB;APOE;FGA;ACTB;APOA1;PKM;HSPA1A;F5;TUBA1C;TUBB4B;PPIA;CLIC1;RPS27A;OGN;YWHAZ;C8B;CLTC;COL6A3;EZR;CORO1C;CST3;SPTAN1;GDI2;TYRP1;MYL6;TAGLN2;APLP2;OLFML3;CFL1;COL6A2;CALM1
prerank,Heterochromatin (GO:0000792),0.7344665885111374,2.0820073023695134,0.0019267822736030828,0.014054259906147892,0.198,5/5,26.77%,MACROH2A1;H2AZ1;H1-5;HMGA1;HMGA2
prerank,Cytosolic Small Ribosomal Subunit (GO:0022627),0.3278291591190611,2.010805811369249,0.008605851979345954,0.022523650565722062,0.329,26/30,55.17%,RPS27A;RACK1;RPSA;RPS10;RPS18;RPS9;RPS16;RPS3;RPS25;RPS13;RPS14;RPS2;RPS26;RPS4X;RPS5;RPS11;RPS3A;RPS15A;RPS7;EIF2S1;RPS8;RPS23;RPS6;RPS17;RPS27;RPS20
prerank,Small Ribosomal Subunit (GO:0015935),0.3278291591190611,2.010805811369249,0.008605851979345954,0.022523650565722062,0.329,26/30,55.17%,RPS27A;RACK1;RPSA;RPS10;RPS18;RPS9;RPS16;RPS3;RPS25;RPS13;RPS14;RPS2;RPS26;RPS4X;RPS5;RPS11;RPS3A;RPS15A;RPS7;EIF2S1;RPS8;RPS23;RPS6;RPS17;RPS27;RPS20
prerank,Extracellular Membrane-Bounded Organelle (GO:0065010),0.316255227242646,2.006325869170006,0.005128205128205128,0.02197030446568891,0.334,26/30,56.40%,FGB;APOE;FGA;PKM;F5;TUBB4B;OGN;C8B;CLTC;COL6A3;SPTAN1;OLFML3;COL6A2;COL12A1;PDCD6IP;CBR1;EFEMP2;MFGE8;TUBB2A;MGAT1;GNB1;ATP1A1;VCL;TFRC;DNAJC3;SDCBP
prerank,Cell-Substrate Junction (GO:0030055),0.15616927097622738,2.0038011937350038,0.003003003003003003,0.021600075892158538,0.339,79/161,36.29%,ACTB;GSN;PFN1;HSPA1A;NPM1;IGF2R;PPIB;TLN1;PPIA;FLNA;HSPA5;HSP90B1;HYOU1;GRB7;HSPG2;RPS10;YWHAZ;RPL22;PDIA3;RPS18;CLTC;RPLP1;HSPA8;ARF1;RPS9;RPS16;MYH9;ACTN1;RPS3;EZR;CORO1C;EHD3;FLNB;RPLP0;RPS13;RPL10A;RPL30;FERMT3;YWHAQ;HMGA1;RAC1;TNC;LRP1;HNRNPK;GDI2;P4HB;PARVB;YWHAE;HSPA9;RPS14;ACTR3;CFL1;RPS2;RPL12;YWHAG;ANXA5;RSU1;MRC2;LIMS1;ACTN4;RPS4X;RPLP2;TGM2;IQGAP1;ILK;ANXA6;RPS5;CAPN2;FAT1;ARPC2;PTK7;RPL18;RPS11;PDCD6IP;RPS3A;RPL5;YWHAB;ARPC5;MSN
prerank,Focal Adhesion (GO:0005925),0.15595833970623751,1.9730937020122645,0.004573170731707317,0.02501258788206553,0.391,78/159,36.29%,ACTB;GSN;PFN1;HSPA1A;NPM1;IGF2R;PPIB;TLN1;PPIA;FLNA;HSPA5;HSP90B1;HYOU1;GRB7;HSPG2;RPS10;YWHAZ;RPL22;PDIA3;RPS18;CLTC;RPLP1;HSPA8;ARF1;RPS9;RPS16;MYH9;ACTN1;RPS3;EZR;CORO1C;EHD3;FLNB;RPLP0;RPS13;RPL10A;RPL30;YWHAQ;HMGA1;RAC1;TNC;LRP1;HNRNPK;GDI2;P4HB;PARVB;YWHAE;HSPA9;RPS14;ACTR3;CFL1;RPS2;RPL12;YWHAG;ANXA5;RSU1;MRC2;LIMS1;ACTN4;RPS4X;RPLP2;TGM2;IQGAP1;ILK;ANXA6;RPS5;CAPN2;FAT1;ARPC2;PTK7;RPL18;RPS11;PDCD6IP;RPS3A;RPL5;YWHAB;ARPC5;MSN
prerank,Chylomicron (GO:0042627),0.5748678802113918,1.8980766080454219,0.00927643784786642,0.03804673367771292,0.516,8/8,42.78%,APOB;APOE;APOH;APOC3;APOC2;APOA4;APOA5;APOC1
prerank,Mitochondrial Intermembrane Space (GO:0005758),-0.5710247957185952,-1.896280102685963,0.014198782961460446,0.6865294598409984,0.441,6/7,28.29%,THOP1;PNPT1;AIFM1;TIMM13;CYCS;CPOX
prerank,Polymeric Cytoskeletal Fiber (GO:0099513),0.21891585211433653,1.8885953155041821,0.009724473257698542,0.03901167552958762,0.533,35/60,38.92%,ACTA1;KRT8;KRT18;TUBA1C;TUBB4B;TUBA4A;TUBB1;CCT3;EML4;DPYSL2;TCP1;KRT10;KRT2;ACTN1;CCT4;EZR;CCT7;CCT8;DYNC1H1;SEPTIN9;CCT2;CCT5;RAC1;TUBB3;CORO1A;COTL1;TUBA8;IQGAP1;TPM1;DIAPH1;CCT6A;KRT5;KIF5B;DNM2;DNM1L
prerank,Extracellular Vesicle (GO:1903561),0.2899075514069839,1.8609682609679352,0.010309278350515464,0.044121821689283414,0.584,26/31,56.40%,FGB;APOE;FGA;PKM;F5;TUBB4B;OGN;C8B;CLTC;COL6A3;SPTAN1;OLFML3;COL6A2;COL12A1;PDCD6IP;CBR1;EFEMP2;MFGE8;TUBB2A;MGAT1;GNB1;ATP1A1;VCL;TFRC;DNAJC3;SDCBP
prerank,Extrinsic Component Of Cytoplasmic Side Of Plasma Membrane (GO:0031234),-0.49708662173958673,-1.842286319935124,0.013100436681222707,0.4815241350273671,0.551,7/9,27.35%,FERMT2;GNAI2;GNB4;JAK2;SRC;CDK16;GNB2
prerank,Condensed Chromosome (GO:0000793),-0.5077773748672693,-1.8380307916692726,0.015730337078651686,0.33055122140492527,0.559,6/9,14.67%,TUBG1;BRD4;HMGB2;LRPPRC;RAD50;SMC1A
prerank,Small-Subunit Processome (GO:0032040),0.3102698706296758,1.8352875166710916,0.008665511265164644,0.049754103383143164,0.638,24/27,59.03%,RPS27A;XRCC5;RPS9;RPS16;RPS13;RPS14;RPS4X;FBL;PRKDC;RPS5;RPS11;RPS3A;RPS15A;RPS7;RPS8;NOP56;NOP58;RPS23;RPS6;RPS17;RPS27;SNU13;RRP9;RPS19
prerank,Low-Density Lipoprotein Particle (GO:0034362),0.6559202813599063,1.7871627592645738,0.010830324909747292,0.06320660138759294,0.738,5/5,34.60%,APOB;APOE;APOM;APOC2;PLA2G7
prerank,Vacuolar Lumen (GO:0005775),0.1941716308732248,1.7804252730878372,0.015432098765432098,0.06375622400835462,0.753,30/69,26.48%,C3;APOB;GPC3;LUM;VCP;HSP90AA1;SDC1;AGRN;TUBB4B;OGN;FMOD;LYZ;SDC4;HSPG2;PYGB;PRDX6;CTSD;ACLY;HSPA8;HEXB;CCT8;PA2G4;DYNC1H1;CCT2;PSAP;GDI2;MAN2B1;CD74;GLB1;CYB5R3
prerank,Keratin Filament (GO:0045095),0.4363384311453612,1.739603011361423,0.01841620626151013,0.07662365631502611,0.812,10/11,48.28%,KRT8;KRT18;KRT1;KRT9;KRT10;KRT2;KRT13;KRT5;KRT74;KRT14
prerank,High-Density Lipoprotein Particle (GO:0034364),0.3877871055237344,1.7223600536088632,0.01757469244288225,0.08237982069261324,0.839,12/15,42.78%,APOE;CLU;APOM;APOH;APOC3;APOC2;PLTP;LCAT;PLA2G7;APOA4;APOA5;APOC1
prerank,Triglyceride-Rich Plasma Lipoprotein Particle (GO:0034385),0.41988813041639383,1.7160176733129642,0.02112676056338028,0.08027366439554581,0.845,7/12,18.41%,APOB;APOE;APOM;APOH;APOC3;PCYOX1;APOC2
prerank,Very-Low-Density Lipoprotein Particle (GO:0034361),0.41988813041639383,1.7160176733129642,0.02112676056338028,0.08027366439554581,0.845,7/12,18.41%,APOB;APOE;APOM;APOH;APOC3;PCYOX1;APOC2
prerank,Rough Endoplasmic Reticulum (GO:0005791),0.532863849765258,1.707003065196045,0.022598870056497175,0.08188357341332744,0.863,7/7,46.93%,PKM;UBA1;COLEC10;RAB14;HGFAC;PSMD2;RPL4
prerank,SCF Ubiquitin Ligase Complex (GO:0019005),-0.5519061583577712,-1.6758966212484954,0.026785714285714284,0.5818813928721797,0.83,6/6,45.06%,SKP1;CUL5;CUL1;CUL2;RBX1;FBXO2
prerank,Endocytic Vesicle (GO:0030139),0.21884343523669517,1.6005253998267288,0.03,0.13719548203818013,0.959,25/43,38.63%,HBB;APOB;APOE;APOA1;IGF2R;HSP90AA1;CEMIP;HSP90B1;RPS27A;HYOU1;PDIA3;CLTC;EHD3;RAB11B;LRP1;CD74;CORO1A;RAB14;HP;AP2M1;AP2B1;RAB7A;AP2A1;EHD1;DNM2
prerank,Platelet Dense Granule Lumen (GO:0031089),0.4122627321687623,1.5853543082793422,0.05090909090909091,0.1433899632620331,0.969,9/10,49.91%,LGALS3BP;ITIH3;ITIH4;CLEC3B;RARRES2;ECM1;SPP2;TIMP3;SELENOP
prerank,Microtubule (GO:0005874),0.22173162879122477,1.5709962674751978,0.05752961082910321,0.14977592097656445,0.973,23/39,38.92%,TUBA1C;TUBB4B;TUBA4A;TUBB1;CCT3;EML4;DPYSL2;TCP1;CCT4;CCT7;CCT8;DYNC1H1;SEPTIN9;CCT2;CCT5;TUBB3;CALM1;TUBA8;IQGAP1;CCT6A;KIF5B;DNM2;DNM1L
prerank,Condensed Nuclear Chromosome (GO:0000794),-0.5058442144852616,-1.5583221119285537,0.05,0.8188770834881245,0.944,4/6,14.67%,TUBG1;LRPPRC;RAD50;SMC1A
prerank,Platelet Dense Granule (GO:0042827),0.37088979211312484,1.5507961890577184,0.06072106261859583,0.16124825885562882,0.98,6/12,15.25%,LGALS3BP;ITIH3;ITIH4;APOH;CLEC3B;RARRES2
prerank,Spherical High-Density Lipoprotein Particle (GO:0034366),0.505400924021088,1.518367315169257,0.06363636363636363,0.18314389347854465,0.991,4/6,18.41%,CLU;APOM;APOC3;APOC2
prerank,Clathrin-Coated Vesicle Membrane (GO:0030665),0.29895206229694277,1.5038216777560478,0.07597173144876325,0.19071835301833986,0.994,14/19,45.35%,APOB;APOE;IGF2R;CLTC;HSPA8;TYRP1;CD74;AP2M1;LDLR;AP2B1;AP2A1;AP1G1;CLTA;RAB5A
prerank,Lipid Droplet (GO:0005811),0.3847441327494637,1.5013167299917547,0.05017921146953405,0.18829673301168742,0.994,8/11,36.59%,GAPDH;VCP;RAP1B;CYB5R3;RAB18;RAB7A;RAB5C;EHD1
prerank,Clathrin-Coated Endocytic Vesicle Membrane (GO:0030669),0.33013793201666825,1.499725480950324,0.06713780918727916,0.18541007004543783,0.994,10/15,35.42%,APOB;APOE;IGF2R;CLTC;TYRP1;CD74;AP2M1;LDLR;AP2B1;AP2A1
prerank,Glutamatergic Synapse (GO:0098978),0.3932129311902793,1.4994344861091238,0.06884057971014493,0.18136086448657546,0.994,7/10,33.02%,APOE;ACTB;YWHAZ;ACTN1;RAC1;PTPRD;NPTX1
prerank,Lysosomal Lumen (GO:0043202),0.2033924334507939,1.4994170636753335,0.07933884297520662,0.17733062305354044,0.994,19/41,28.23%,APOB;GPC3;LUM;HSP90AA1;SDC1;AGRN;OGN;FMOD;SDC4;CTSB;HSPG2;CTSD;HSPA8;HEXB;PSAP;MAN2B1;CD74;GLB1;OMD
prerank,Euchromatin (GO:0000791),0.4272984675593231,1.4602139481359402,0.09523809523809523,0.20684322674647238,0.998,4/8,9.35%,H1-2;H1-1;H2AZ1;H1-0
prerank,Microtubule Cytoskeleton (GO:0015630),0.16618688298545967,1.4429742405354256,0.0912106135986733,0.21825363917753615,0.998,32/60,38.92%,GAPDH;TUBA1C;TUBB4B;TUBA4A;TUBB1;SHMT2;PPP2CA;CLTC;CCT3;EML4;DPYSL2;TCP1;CCT4;CCT7;CCT8;DYNC1H1;SPTAN1;SEPTIN9;CCT2;CCT5;TUBB3;PPP2R1A;TUBA8;IQGAP1;SEPTIN11;ACTR1A;CCT6A;SEPTIN7;SEPTIN2;KIF5B;DNM2;DNM1L
prerank,Spliceosomal tri-snRNP Complex (GO:0097526),-0.28938015763239266,-1.442563027223973,0.08037825059101655,1.0,0.99,12/16,45.53%,PRPF8;DDX23;SNRNP40;LSM6;EFTUD2;SNRPB;SNRPF;SNRPE;SNRPA;SNU13;SNRPGP15;LSM3
prerank,Plasma Membrane Raft (GO:0044853),-0.29849581911862616,-1.427985902176368,0.08767772511848342,1.0,0.992,12/15,49.33%,FLOT1;JAK2;SRC;MAPK1;LRP4;PRKACA;PRKAR1A;ADD2;SCARB1;PLVAP;MAPK3;PACSIN2
prerank,Clathrin-Coated Endocytic Vesicle (GO:0045334),0.28526518217970454,1.4197972217567116,0.1138353765323993,0.2355927027581448,0.999,13/18,45.35%,APOB;APOE;IGF2R;CEMIP;CLTC;TYRP1;CD74;AP2M1;LDLR;AP2B1;AP2A1;CLTA;RAB5A
prerank,U2-type Spliceosomal Complex (GO:0005684),-0.21751452050750275,-1.4099957049498297,0.09813084112149532,0.9853366396710999,0.996,19/28,45.53%,SNRNP70;PRPF8;PRPF40A;SNRNP40;LSM6;CDC5L;SF3B2;SF3A3;EFTUD2;SNRPB;SF3A1;SNRPF;SNRPE;U2AF2;SNU13;SMU1;SNRPA1;SNRPGP15;LSM3
prerank,Clathrin-Coated Vesicle (GO:0030136),0.3023416239233401,1.388556225961559,0.1306715063520871,0.2624473506837418,1.0,11/15,44.71%,IGF2R;CEMIP;VWF;CLTC;RAB14;AP2M1;AP2B1;AP2A1;AP1M1;AP1G1;CLTA
prerank,Cell-Cell Contact Zone (GO:0044291),-0.48475967174677603,-1.387621060577565,0.1036036036036036,0.9587044879785797,0.996,5/5,51.72%,FLOT1;DSP;AHNAK;VCL;YWHAH
prerank,Late Endosome Membrane (GO:0031902),-0.3869811681888505,-1.3700676328853805,0.12050739957716702,0.9276729326101494,0.997,5/8,22.62%,ANXA2;SCARB2;VPS36;CD63;PLD3
prerank,Membrane Attack Complex (GO:0005579),0.49654553213538777,1.358355265195879,0.12884615384615383,0.29106372265632285,1.0,3/5,13.03%,C9;C7;C8B
prerank,Adherens Junction (GO:0005912),-0.2064420643116626,-1.3348482231548293,0.14285714285714285,0.9714565222775343,1.0,21/28,53.24%,FLOT1;PDLIM5;ANXA2;FERMT2;ADD1;CTNNA1;NIBAN2;NDRG1;VEGFA;PARK7;ILF3;CTNNB1;PTPRM;DSP;CDH6;CDH5;SDCBP;PPP1CA;PDLIM1;VCL;HMCN1
prerank,Coated Vesicle (GO:0030135),0.31969978087402384,1.3333341717116707,0.143646408839779,0.31512816603059923,1.0,9/12,44.24%,F5;SERPINA1;CLTC;HSPD1;LMAN2;CTSZ;AP1M1;SEC31A;AP1G1
prerank,Spliceosomal snRNP Complex (GO:0097525),-0.21750370780040956,-1.3306927886352709,0.15492957746478872,0.9055196440217617,1.0,17/25,45.53%,SNRNP70;PRPF8;DDX23;PRPF40A;SNRNP40;LSM6;SF3B2;SF3A3;SNRPB;SF3A1;SNRPF;SNRPE;SNRPA;SNU13;SNRPA1;SNRPGP15;LSM3
prerank,Peroxisome (GO:0005777),-0.2835319106593374,-1.3292200900630586,0.14977973568281938,0.8410719354697361,1.0,8/14,27.53%,HMGCL;ACAA1;VIM;CRYM;GRHPR;ECH1;RAB8B;IDE
prerank,U4/U6 X U5 tri-snRNP Complex (GO:0046540),-0.274343687056115,-1.324337271516482,0.13981042654028436,0.7955023899744904,1.0,12/15,52.02%,PRPF8;DDX23;SNRNP40;LSM6;EFTUD2;SNRPB;SNRPF;SNRPE;SNRPA;SNU13;LSM3;SNRNP200
prerank,Endocytic Vesicle Membrane (GO:0030666),0.22596265039435076,1.3176271652256872,0.15586690017513136,0.33026567962369763,1.0,16/27,38.63%,APOB;APOE;IGF2R;RPS27A;DMBT1;CLTC;HLA-A;LRP1;TYRP1;CD74;AP2M1;LDLR;AP2B1;RAB7A;AP2A1;DNM2
prerank,Prespliceosome (GO:0071010),-0.3995053445691859,-1.3154044284049256,0.1625,0.7197236359808802,1.0,6/7,45.41%,SNRNP70;PRPF40A;SNRPB;SF3A1;U2AF2;SNRPGP15
prerank,U2-type Prespliceosome (GO:0071004),-0.3995053445691859,-1.3154044284049256,0.1625,0.7197236359808802,1.0,6/7,45.41%,SNRNP70;PRPF40A;SNRPB;SF3A1;U2AF2;SNRPGP15
prerank,Precatalytic Spliceosome (GO:0071011),-0.23983732305555716,-1.3092411473744852,0.14780600461893764,0.6930357847872042,1.0,14/20,45.53%,PRPF8;LSM6;SF3B2;SF3A3;EFTUD2;SNRPB;SF3A1;SNRPF;SNRPE;SNU13;SMU1;SNRPA1;SNRPGP15;LSM3
prerank,Peroxisomal Matrix (GO:0005782),-0.3306392154528789,-1.303731951275698,0.14743589743589744,0.6324803203491305,1.0,7/10,35.65%,HMGCL;ACAA1;CRYM;GRHPR;ECH1;IDE;FABP1
prerank,Microbody Lumen (GO:0031907),-0.3306392154528789,-1.303731951275698,0.14743589743589744,0.6324803203491305,1.0,7/10,35.65%,HMGCL;ACAA1;CRYM;GRHPR;ECH1;IDE;FABP1
prerank,Tertiary Granule (GO:0070820),0.18316988597928385,1.2887127527185922,0.1672077922077922,0.3618021202532425,1.0,18/39,29.98%,HBB;CLU;LTF;QSOX1;LYZ;CTSD;ALDOC;ALDOA;CST3;SPTAN1;IDH1;RAC1;FTH1;COPB1;RAB14;HP;PGM1;CTSH
prerank,Mitochondrial Envelope (GO:0005740),-0.2773291279059712,-1.2850092447020125,0.1591928251121076,0.6455283948782724,1.0,8/14,28.29%,THOP1;PNPT1;AIFM1;TIMM13;HADHB;CYCS;OGDH;CPOX
prerank,Azurophil Granule Lumen (GO:0035578),0.18237217061198785,1.2813066222718288,0.16883116883116883,0.3651646163441475,1.0,27/37,56.40%,C3;VCP;TUBB4B;LYZ;PYGB;PRDX6;HEXB;CCT8;PA2G4;DYNC1H1;CCT2;GDI2;MAN2B1;GLB1;CYB5R3;GLA;GGH;FUCA1;PSMD1;TUBB2A;TTR;FTL;FUCA2;CTSC;RNASET2;DNAJC3;SDCBP
prerank,Large Ribosomal Subunit (GO:0015934),0.1921489601677782,1.2485612487531585,0.19759450171821305,0.39483540511667437,1.0,26/32,63.18%,RPL22;RPLP1;RPLP0;RPL10A;RPL30;RPL12;RPL27A;RPLP2;RPL18;RPL11;RPL5;RPL14;RPL9;RPL15;RPL27;RPL4;RPL7;RPL29;RPL13;RPL28;RPL26;RPL8;RPL35A;RPL7A;RPL17;RPL18A
prerank,Cytosolic Large Ribosomal Subunit (GO:0022625),0.1921489601677782,1.2485612487531585,0.19759450171821305,0.39483540511667437,1.0,26/32,63.18%,RPL22;RPLP1;RPLP0;RPL10A;RPL30;RPL12;RPL27A;RPLP2;RPL18;RPL11;RPL5;RPL14;RPL9;RPL15;RPL27;RPL4;RPL7;RPL29;RPL13;RPL28;RPL26;RPL8;RPL35A;RPL7A;RPL17;RPL18A
prerank,Intermediate Filament (GO:0005882),0.26877439057299085,1.2380847598147984,0.21654929577464788,0.4035969443591075,1.0,11/15,48.28%,KRT8;KRT18;KRT1;KRT9;KRT10;KRT2;KRT13;KRT5;PLEC;KRT74;KRT14
prerank,cullin-RING Ubiquitin Ligase Complex (GO:0031461),-0.2926699433266735,-1.237468907277167,0.18888888888888888,0.7323889012721765,1.0,9/12,45.06%,CUL4A;SKP1;CUL5;CUL3;CUL4B;CUL1;CUL2;RBX1;FBXO2
prerank,U2 snRNP (GO:0005686),0.28680800942285045,1.2329680275591348,0.2136602451838879,0.40358003867357484,1.0,13/13,71.54%,SNRPD3;SNRPD1;SF3B1;SNRPD2;SF3B3;SNRPGP15;SNRPA1;SNRPE;SNRPF;SF3A1;SNRPB;SF3A3;SF3B2
prerank,Septin Ring (GO:0005940),0.44454206790925943,1.2320205084896676,0.21292775665399238,0.3913003748391548,1.0,4/5,36.24%,SEPTIN9;SEPTIN11;SEPTIN7;SEPTIN2
prerank,Septin Cytoskeleton (GO:0032156),0.44454206790925943,1.2320205084896676,0.21292775665399238,0.3913003748391548,1.0,4/5,36.24%,SEPTIN9;SEPTIN11;SEPTIN7;SEPTIN2
prerank,Early Endosome Membrane (GO:0031901),-0.23713407022802313,-1.221790618324766,0.23318385650224216,0.7412264407955024,1.0,16/18,64.99%,RAB4A;B2M;HLA-G;MON2;SNX6;PLD3;SNX1;RAB21;HLA-C;RAB5B;SNX5;DKK1;RAB5A;BAIAP3;EHD1;RAB5C
prerank,Organelle Envelope Lumen (GO:0031970),-0.30777203863420355,-1.2057418220125773,0.2217573221757322,0.7533582937337335,1.0,9/10,58.91%,THOP1;PNPT1;AIFM1;TIMM13;CYCS;CPOX;SORL1;TUBB2A;NDUFS1
prerank,Tertiary Granule Membrane (GO:0070821),-0.27729037020781055,-1.1965136143717594,0.2106430155210643,0.7450513287267504,1.0,9/12,46.05%,ATP6AP2;TSPAN14;CYSTM1;LAIR1;STOM;NRAS;UBR4;NBEAL2;GAA
prerank,Mitochondrial Matrix (GO:0005759),0.13323398258695454,1.193266511550529,0.24483306836248012,0.4402498255122358,1.0,36/66,42.96%,GLUD1;ATP5F1B;SHMT2;CS;OAT;RPS3;MDH2;HSPE1;ETFB;HSPD1;HSPA9;PCK2;C1QBP;PYCR1;NDUFA9;ACO2;FDXR;PPA2;TST;ACADVL;ATP5F1A;ALDH7A1;ECHS1;DECR1;ACSS3;ETFA;ALDH2;ALDH5A1;ACAT1;QARS1;DLST;ACADSB;ABAT;NDUFS1;SSBP1;GARS1
prerank,U2-type Precatalytic Spliceosome (GO:0071005),-0.22327773502535359,-1.1832378101833982,0.25235849056603776,0.7516353369492533,1.0,13/19,45.53%,PRPF8;LSM6;SF3B2;SF3A3;EFTUD2;SNRPB;SF3A1;SNRPF;SNRPE;SNU13;SMU1;SNRPA1;LSM3
prerank,Actin Filament (GO:0005884),0.24720169319382418,1.1659257368096247,0.26537785588752194,0.4766358682149511,1.0,9/16,33.66%,ACTA1;ACTN1;EZR;RAC1;CORO1A;COTL1;IQGAP1;TPM1;DIAPH1
prerank,Mitochondrial Outer Membrane (GO:0005741),-0.29653885012275527,-1.1650517086298957,0.23927765237020315,0.7681281803616301,1.0,6/10,29.11%,ACSL4;ACSL1;GALK2;HADHB;HK2;PDE2A
prerank,trans-Golgi Network Membrane (GO:0032588),-0.2314140321398191,-1.1513373479689462,0.27122641509433965,0.7761596948757956,1.0,5/17,4.44%,COG2;RAB9A;ST3GAL1;ARFIP1;NDST1
prerank,Asymmetric Synapse (GO:0032279),0.21855947441889897,1.1473236818368693,0.2772963604852686,0.49837889391812146,1.0,9/20,24.66%,RPS18;RPS3;RPS25;RPLP0;RPS13;RPL30;RTN4;RPS14;RPL12
prerank,U12-type Spliceosomal Complex (GO:0005689),0.28647058823529414,1.1369441990281255,0.30265486725663715,0.5079280346120135,1.0,11/11,71.54%,SNRPD3;SNRPD1;SF3B1;SNRPD2;YBX1;SF3B3;SNRPGP15;SNRPE;SNRPF;SNRPB;SF3B2
prerank,Mitochondrial Membrane (GO:0031966),-0.15524490745537844,-1.1305040625739617,0.2679900744416873,0.8044926567105034,1.0,20/34,41.96%,MRPS28;ACSL4;ACSL1;GALK2;SRC;AIFM1;TIMM13;SQOR;HADHB;ALDH18A1;ATP5PO;CYCS;OGDH;HK2;PDE2A;PMPCB;SDHB;HADHA;TUFM;NDUFV1
prerank,Vesicle Coat (GO:0030120),0.25000000000000033,1.120722649119344,0.31273408239700373,0.5252563839569415,1.0,15/15,75.22%,COPA;SEC23A;COPB1;COPB2;SEC24C;COPG1;SEC31A;CLTA;SAR1A;SEC24A;COPE;SAR1B;SEC13;COPZ1;CLTB
prerank,Golgi Membrane (GO:0000139),-0.11068699640708282,-1.1109604669392472,0.32741116751269034,0.8282412401051128,1.0,34/71,35.77%,COG2;ST3GAL1;ARFIP1;AP1G2;B2M;NOTCH4;PDGFC;NDST1;GBF1;ST3GAL6;HLA-G;GLIPR2;ACBD3;SCARB2;AP1S1;AP1S2;ARRB1;FTCD;PLD3;GALNT2;COPZ1;ST6GAL1;NCAM1;GALNT7;B3GAT3;NRAS;TAPBP;XYLT2;HS6ST1;MBTPS1;FUT3;SCFD1;COPE;PDGFA
prerank,Mitochondrial Inner Membrane (GO:0005743),-0.1866579217158822,-1.1082669342769895,0.28841607565011823,0.8072760069676631,1.0,13/23,36.41%,MRPS28;SRC;AIFM1;TIMM13;SQOR;HADHB;ALDH18A1;ATP5PO;CYCS;PDE2A;PMPCB;SDHB;HADHA
prerank,Intracellular Membrane-Bounded Organelle (GO:0043231),0.053900337908683225,1.0987923417070615,0.3452229299363057,0.5544169479514387,1.0,573/623,88.90%,ALB;H2AC21;GAPDH;APOB;VTN;APOE;ACTB;CLU;LTF;H2BC11;H2BC12;PKM;GSN;QSOX1;KRT8;PFN1;HSPA1A;H3-3A;GDF15;NPM1;ENO1;H1-2;TUBA1C;VCP;HSP90AB1;PPIB;LDHA;H1-1;HSP90AA1;SUB1;KRT1;TUBB4B;KRT9;PPIA;EEF1A1;TGFB1;CLIC1;FLNA;HSPA5;MACROH2A1;EIF5;EEF2;H2AZ1;HSP90B1;RPS27A;ATP5F1B;DHRS2;RACK1;EEF1G;UBA1;RAN;NCL;SERPINA1;AKR1C3;LAMA5;ANG;BLVRB;H1-0;UGDH;PSMD14;RPSA;SHMT2;GANAB;METTL16;CS;PPP2CA;PEBP1;CCN2;LMNA;DDX39B;SNRPD3;XRCC5;SRSF1;H1-5;YWHAZ;RPL22;PDIA3;UGP2;PRDX6;XRCC6;RPS18;DCXR;RARS1;HSPA8;FEN1;DHX9;RPS9;PRDX1;KRT10;KRT2;MYH9;RPS3;PRPF19;HNRNPC;TPI1;EIF4A1;ARPC4;PSMC5;EHD3;SERPINA5;PA2G4;MDH2;PSMC3;ALDOA;RPS25;SPTAN1;RPLP0;ANKRD17;RPS13;AHNAK2;PLTP;AP1B1;RPL10A;RPL30;FAM53C;PSMC4;CAND1;G6PD;HMGA1;RAC1;PPIE;PSMD13;ZNF366;HSPA13;PSMC1;PSAP;HNRNPK;TYRP1;FTH1;TUBB3;RBBP4;ADK;YWHAE;PSMC2;PSMC6;MAN2B1;ACOT13;SNRPD1;KPNB1;APLP2;ACTR3;CFL1;CD74;EIF6;PGD;P4HA1;PSMB2;PSMA6;RPS2;C1QBP;PCNA;CSE1L;HNRNPA1;COPB1;SLC2A14;SFPQ;CORO1A;NDUFA9;GLB1;HSPA4;CALM1;PPP2R1A;SSRP1;HMGA2;SF3B1;ACTN4;RAB14;PSMA7;PTGES3;TGM2;EIF4A3;FSCN1;PARP1;BRD9;HNRNPAB;SND1;IQGAP1;RUVBL1;MSH3;FBL;NME1;SNRPD2;REEP6;CTSH;SRSF7;PRKDC;HUWE1;HNRNPD;FAT1;YBX1;ARPC2;NAP1L1;SARS1;RUVBL2;PSMD11;S100P;PRMT5;HINT1;SRSF2;KHDRBS1;RPL18;DDB1;AKR1B1;HNRNPA2B1;DIAPH1;PSMA1;RPS3A;MYH10;DECR1;ANXA4;PSMA4;PSMD8;ACSS3;APEX1;RPL5;UBE2V1;WDR77;SSB;ARPC5;SEPTIN7;PSMB3;TKFC;SEPTIN2;MSN;KRT13;RCC1;KRT5;PSMA3;PMPCA;SF3B3;CTSZ;PSMA2;GPC6;HSPB1;PSMD3;RGN;H1-10;EWSR1;SUPT16H;GGH;ILF2;SHMT1;EIF3E;DNM1L;PSMB1;GPI;P4HA2;RPS7;ETF1;PSPC1;FUCA1;DLST;SRSF4;GSTM3;COPS8;HDAC1;AP1M1;EEF1B2;TOP1;SEC31A;DDX1;SSBP1;HNRNPU;DDX5;LMNB1;GARS1;PSMD2;PSMD1;CAT;GPS1;PRDX4;DDX17;RPL9;PSMA5;HNRNPF;STIP1;AP1G1;TPR;TUBB2A;MAPK15;NAP1L4;RAB5A;SRP14;PSMB4;IMPDH2;RPS8;RPL15;RPL27;DDX6;TALDO1;PCBP1;RPL4;RALY;UBE2N;XPO1;KARS1;PCBP2;MAGOH;EIF2S3;EIF5A;SNRNP200;KRT14;RPA1;RTCB;USP5;ERH;SERBP1;SVEP1;ARPC3;ADAM10;TIMP3;RPL7;OTUB1;FBP1;ME2;PPIC;PACSIN2;WARS1;HNRNPR;CSTF3;RPL13;MYLK2;MAPK3;PRDX3;GLRX3;SERINC5;FIGNL1;PRCP;MVP;USP7;DAG1;NEU1;PPP1CA;COPS3;CTSC;NONO;TFRC;RPS6;TFAM;PABPC1;PTBP1;UBA2;GAA;BSG;LSM3;RPS27;RBMX;PRSS23;SNRPA1;SMU1;PSMD7;COPS6;PURA;HNRNPH1;SDCBP;SNU13;DRAP1;PPP1CB;FTO;SNX5;NSFL1C;PSME3;SNRPA;TBCB;USP9X;U2AF2;EEF1D;AHNAK;HP1BP3;CALR;RECQL;ATP6V1A;ELP3;CPSF6;MAT2B;TRIM28;SNRPE;SCARB1;RAB2A;PPID;PSMB5;TNPO1;ERO1A;CPQ;NUMA1;RPL7A;UFL1;ALYREF;RAB5B;PSMB6;RBX1;ELAVL1;PRMT1;MAP2K1;RPL17;HNRNPL;PPP1R7;SNRPF;MTREX;CDK11A;VPS29;LRRC59;SF3A1;COPS4;CTSA;CMPK1;FABP1;SCFD1;PTPN11;DHX15;HNRNPA0;TCERG1;PDXK;ACTR2;ACTL6A;CACYBP;DRG1;CSNK2A1;DNAJB1;SNRPB;VPS25;HSPH1;HEXA;PRKACA;NAA15;COPS5;ATP6V1B2;TRA2B;PDCD4;DSP;EEF1E1;IGSF8;SNX1;CPNE3;EFTUD2;NUDT21;CTNNB1;FUBP1;RBBP7;SF3A3;UBE2M;PDHA1;ECPAS;PDE2A;SEC13;HK2;EIF5B;SAE1;SF3B2;UBE2D2;ARL3;B3GAT3;CARM1;IDE;YARS1;PTPA;CDC5L;XPO7;HMGB1;LSM6;RPL6;THYN1;OGDH;SNRNP40;CDK16;CYCS;ILF3;TMPO;RPL23A;HNRNPUL2;SLC25A31;CSNK2B;CLTB;BAG6;RANGAP1;DDX19A;KHSRP;CUL1;CUL4B;HNRNPA3;HDLBP;DEK;PCYT1A;DNPEP;PARK7;SAMHD1;HNRNPM;ATP5PO;CCAR2;DCTN4;SGTA;FAM98B;NPLOC4;CD63;RPA2;CASP6;S100A1;MED6;MAPK1;IGF2BP1;NAE1;CUL3;COMT;MYCBP2;FHL1;PRKAG1;ARRB1;CIRBP;STAT3;RPL13A;AP1S2;STAT1;API5;AIFM1;PPT1;MOB1A;NCBP1;TUBB2B;TFG;OSGEP;NDRG1;EIF3G;ITPA;HCFC1;SFI1;CDK1;HNRNPCL1;HNRNPUL1;NIBAN2;TIAL1;CMAS;AP1S1;EXOSC4;IDH3A;NASP;DDX3X;MAPK14;STAT5B;IGF2BP2;DCPS;FUS;MEMO1;TES;SMC1A;PPP1CC;RANBP1;SKP1;BOLA2;PABPN1;ITGB3;PRKAA1;CPNE1;PPM1G;DNAJA3;PPP2R5D;GUSB;SART3;PABPC4;UBE2I;PSMB10;NEDD4;ANXA7;RAD50;WDR5;SERPINA3;BABAM2;SLC9A3R1;TNPO3;CTNNBL1;KRT6A;EIF2S2;PFKP;CTNNA1
prerank,Cytoplasmic Vesicle Membrane (GO:0030659),0.12842750864467428,1.0941307996749108,0.35379644588045234,0.554638366639844,1.0,28/59,36.59%,APOB;CLU;IGF2R;RPS27A;UBA1;CTSD;CORO1C;EHD3;AP1B1;RAC1;LRP1;TYRP1;VPS35;APLP2;B4GALT1;CD74;COPB1;AP3D1;IQGAP1;AP2M1;SNX2;LDLR;DIAPH1;RAB18;AP2B1;RAB7A;AP2A1;EHD1
prerank,Specific Granule Membrane (GO:0035579),-0.34531829271973824,-1.068922136193591,0.3752711496746204,0.8861828076827513,1.0,4/6,30.45%,TSPAN14;LAIR1;STOM;UBR4
prerank,Endolysosome Membrane (GO:0036020),0.31251947892884185,1.0650595553261888,0.362453531598513,0.5983386463885668,1.0,6/8,44.71%,CLTC;AP2M1;LDLR;AP2B1;AP2A1;CLTA
prerank,Ribosome (GO:0005840),0.15868055940615897,1.0639115495041065,0.35813148788927335,0.5919920799721728,1.0,28/36,63.18%,RPS10;RPS18;DHX9;RPS9;RPS3;RPS25;RPS13;RPL10A;RPL30;RRBP1;RPS26;RPS4X;RPS5;RPL18;RPS11;RPL11;RPS7;RPL9;RPL15;RPL27;RPS23;RPL8;RPS17;RPS27;RPS19;RPL7A;RPL17;RPL18A
prerank,U4 snRNP (GO:0005687),0.3315727699530516,1.0630567793222037,0.366120218579235,0.5851614845442121,1.0,7/7,66.98%,SNRPD3;SNRPD1;SNRPD2;SNRPGP15;SNRPE;SNRPF;SNRPB
prerank,Sarcolemma (GO:0042383),0.3347902348644828,1.0592191917108178,0.3592057761732852,0.5838732486296478,1.0,6/7,52.78%,SLC2A1;AHNAK2;PLEC;ATP1A1;VCL;DAG1
prerank,Golgi Cisterna (GO:0031985),0.3746065677938253,1.0403719562834322,0.40409683426443205,0.6077196352311508,1.0,3/5,23.61%,HLA-A;MAN2A1;B4GALT1
prerank,Postsynaptic Density (GO:0014069),0.1961787843262582,1.0396816527243833,0.3783783783783784,0.6006707406017505,1.0,9/21,24.66%,RPS18;RPS3;RPS25;RPLP0;RPS13;RPL30;RTN4;RPS14;RPL12
prerank,Azurophil Granule (GO:0042582),0.12444361956692576,1.0363100806026195,0.4115702479338843,0.5986237248941686,1.0,20/54,26.48%,C3;VCP;TUBB4B;RAP1B;LYZ;PYGB;PRDX6;ACLY;PIGR;HEXB;CCT8;PA2G4;DYNC1H1;CCT2;PSAP;GDI2;MAN2B1;B4GALT1;GLB1;CYB5R3
prerank,Endosome Lumen (GO:0031904),0.34862707350413413,1.0343623760835627,0.41385767790262173,0.5936228857020308,1.0,3/6,18.29%,APOB;CTSB;APP
prerank,Myofibril (GO:0030016),-0.36845042979057113,-1.03435427354555,0.39823008849557523,0.953006584813136,1.0,3/5,21.51%,OBSCN;TWF1;TWF2
prerank,Cytoplasmic Stress Granule (GO:0010494),-0.175958841467456,-1.0300232728461811,0.4046511627906977,0.9351652343330775,1.0,10/23,24.66%,CAPRIN1;PABPC4;G3BP1;IGF2BP2;DDX3X;TIAL1;TRIM25;CIRBP;IGF2BP1;DDX19A
prerank,Aggresome (GO:0016235),0.37273727728871175,1.0289101685033355,0.42412451361867703,0.5951815648626817,1.0,3/5,25.13%,HSPA1A;EEF2;SLC2A14
prerank,Endolysosome (GO:0036019),0.26702590923084457,1.0068626786954873,0.4522058823529412,0.6248599227265098,1.0,7/10,44.71%,CTSB;CLTC;AP2M1;LDLR;AP2B1;AP2A1;CLTA
prerank,Specific Granule Lumen (GO:0035580),0.19538870704155137,0.9995681449066643,0.45729537366548045,0.6290433639985138,1.0,12/20,42.14%,LTF;QSOX1;LYZ;CTSD;SPTAN1;KPNB1;HP;CTSZ;GGH;ILF2;CHI3L1;NIT2
prerank,Organelle Inner Membrane (GO:0019866),-0.16332602035165894,-0.995967838152322,0.41627906976744183,1.0,1.0,13/24,36.41%,MRPS28;SRC;AIFM1;TIMM13;SQOR;HADHB;ALDH18A1;ATP5PO;CYCS;PDE2A;PMPCB;SDHB;HADHA
prerank,Organelle Outer Membrane (GO:0031968),-0.23847775281317254,-0.994725061309135,0.42035398230088494,0.9775144265299551,1.0,6/11,29.11%,ACSL4;ACSL1;GALK2;HADHB;HK2;PDE2A
prerank,Intermediate Filament Cytoskeleton (GO:0045111),0.23201897018387346,0.991839316667297,0.47309833024118736,0.6339724806354349,1.0,5/13,17.18%,KRT8;KRT18;KRT10;KRT2;CCT8
prerank,Dendrite (GO:0030425),0.18459135135733346,0.987856188354366,0.4411764705882353,0.6328270984465622,1.0,4/22,1.69%,RELN;APOE;C4A;CLU
prerank,Tight Junction (GO:0070160),-0.3459689502328742,-0.9812737243939449,0.4432773109243697,0.9868331255692874,1.0,4/5,43.48%,ILDR2;TBCD;LSR;CDH5
prerank,Supramolecular Fiber (GO:0099512),0.2621037077710237,0.9810505744886782,0.4755877034358047,0.6364761251563557,1.0,4/10,15.66%,FBLN1;FBLN5;LTBP4;MYH9
prerank,Axon (GO:0030424),-0.15983838789414628,-0.9787208680465237,0.47058823529411764,0.96670769885719,1.0,10/25,22.74%,NELL2;CD2AP;VIM;PRKAA1;CNTN4;PPT1;STAT1;COMT;PARK7;HMCN2
prerank,Nuclear Chromosome (GO:0000228),0.20387471787480943,0.9745256244762863,0.4758364312267658,0.6397963332989166,1.0,12/17,52.31%,MACROH2A1;H2AZ1;MACROH2A2;HMGA2;RUVBL1;RUVBL2;RCC1;SF3B3;TOP1;HNRNPU;TTN;FIGNL1
prerank,Intracellular Non-Membrane-Bounded Organelle (GO:0043232),0.07067919010923454,0.9606095627133957,0.49774436090225566,0.655843147687256,1.0,119/180,61.13%,GAPDH;ACTB;CLU;GSN;NPM1;VCP;SUB1;KRT1;TUBB4B;TUBA4A;EEF1A1;FLNA;MACROH2A1;RAP1B;RPS27A;RAN;NCL;ANG;RPS10;XRCC5;H1-5;XRCC6;RPS18;CLTC;CCT3;RARS1;FEN1;SPTBN1;DHX9;RPS9;ALDOC;RPS3;PA2G4;RPS25;RPS13;FERMT3;RAC1;P4HB;RRBP1;RPS14;EIF6;RPS2;HNRNPA1;CAPZA1;CYB5R3;SF3B1;RPS4X;EIF4A3;FSCN1;CAPZB;PARP1;FBL;ACADVL;PRKDC;RPS5;TPM1;HINT1;RPL18;RPS11;ROCK2;RPL11;RPS3A;RAB18;RAB7A;APEX1;RPL5;RAB5C;MSN;EHD1;RCC1;SF3B3;HSPB1;H1-10;EWSR1;ILF2;RPS7;RSL1D1;TOP1;DDX5;DCTN1;RPL9;TUBB2A;SDHA;RPL15;RPL27;RPL4;XPO1;NOP56;NOP58;VCL;RPS23;RPL7;TCOF1;HNRNPR;RPL13;MAPK3;VCAM1;RPL26;MVP;PDLIM1;RPS6;PTBP1;RPS17;RPS27;MARS1;NUDC;MAPRE1;SDCBP;SNU13;RRP9;DDX21;HP1BP3;RPS19;RECQL;ELP3;PPID;NUMA1;RPL7A;NOLC1
prerank,Vesicle Membrane (GO:0012506),-0.24018528057544064,-0.9593292808315309,0.4735632183908046,0.9950160526511316,1.0,5/11,19.75%,RAB4A;ASPSCR1;AP1S1;AP1S2;ARRB1
prerank,Cell-Cell Junction (GO:0005911),-0.1103351087287324,-0.9432659010787371,0.5102040816326531,1.0,1.0,21/48,31.33%,PTPRK;FLOT1;PDLIM5;ANXA2;ILDR2;FERMT2;TWF1;ADD1;CTNNA1;ITGB3;STARD10;NIBAN2;NDRG1;VEGFA;PARK7;CNN2;LSR;ILF3;CTNNB1;PTPRM;DSP
prerank,Protein Serine/Threonine Phosphatase Complex (GO:0008287),-0.31346767787576085,-0.9401453449276425,0.5157232704402516,0.9950386358570474,1.0,4/6,34.02%,PPP2R5D;PPP3CA;PTPA;PPP2R2A
prerank,COPII Vesicle Coat (GO:0030127),0.28931924882629095,0.9357684821653114,0.5508317929759704,0.6921956463244716,1.0,7/7,71.19%,SEC23A;SEC24C;SEC31A;SAR1A;SEC24A;SAR1B;SEC13
prerank,Phagocytic Vesicle (GO:0045335),0.1870897816617929,0.9353958217912418,0.5164075993091537,0.6846731703143187,1.0,8/18,27.64%,LTF;DMBT1;PDIA3;RAB11B;HLA-A;APLP2;CORO1A;RAB14
prerank,Nucleus (GO:0005634),0.04686949190635598,0.9247790789535159,0.5348226018396847,0.6948966275752032,1.0,504/550,88.84%,ALB;H2AC21;GAPDH;APOE;ACTB;CLU;LTF;H2BC11;H2BC12;PKM;GSN;KRT8;PFN1;HSPA1A;H3-3A;GDF15;NPM1;ENO1;H1-2;TUBA1C;VCP;HSP90AB1;PPIB;LDHA;H1-1;HSP90AA1;SUB1;KRT1;TUBB4B;KRT9;PPIA;EEF1A1;TGFB1;CLIC1;FLNA;HSPA5;MACROH2A1;EIF5;EEF2;H2AZ1;HSP90B1;RPS27A;ATP5F1B;DHRS2;RACK1;EEF1G;UBA1;RAN;NCL;AKR1C3;LAMA5;ANG;H1-0;UGDH;PSMD14;RPSA;SHMT2;METTL16;CS;PPP2CA;PEBP1;LMNA;DDX39B;SNRPD3;XRCC5;SRSF1;H1-5;YWHAZ;RPL22;PDIA3;UGP2;PRDX6;XRCC6;RPS18;DCXR;RARS1;HSPA8;FEN1;DHX9;RPS9;PRDX1;KRT10;KRT2;MYH9;RPS3;PRPF19;HNRNPC;TPI1;EIF4A1;ARPC4;PSMC5;EHD3;PA2G4;MDH2;PSMC3;ALDOA;RPS25;RPLP0;ANKRD17;RPS13;AHNAK2;PLTP;RPL10A;RPL30;FAM53C;PSMC4;CAND1;HMGA1;RAC1;PPIE;PSMD13;ZNF366;HSPA13;PSMC1;HNRNPK;FTH1;TUBB3;RBBP4;ADK;YWHAE;PSMC2;PSMC6;ACOT13;SNRPD1;KPNB1;APLP2;ACTR3;CFL1;CD74;EIF6;PGD;PSMB2;PSMA6;RPS2;C1QBP;PCNA;CSE1L;HNRNPA1;SLC2A14;SFPQ;CORO1A;NDUFA9;HSPA4;CALM1;PPP2R1A;SSRP1;HMGA2;SF3B1;ACTN4;PSMA7;PTGES3;TGM2;EIF4A3;FSCN1;PARP1;BRD9;HNRNPAB;SND1;IQGAP1;RUVBL1;MSH3;FBL;NME1;SNRPD2;REEP6;SRSF7;PRKDC;HUWE1;HNRNPD;FAT1;YBX1;ARPC2;NAP1L1;SARS1;RUVBL2;PSMD11;S100P;PRMT5;HINT1;SRSF2;KHDRBS1;RPL18;DDB1;AKR1B1;HNRNPA2B1;DIAPH1;PSMA1;RPS3A;MYH10;DECR1;ANXA4;PSMA4;PSMD8;APEX1;RPL5;UBE2V1;WDR77;SSB;ARPC5;SEPTIN7;PSMB3;TKFC;SEPTIN2;MSN;KRT13;RCC1;KRT5;PSMA3;PMPCA;SF3B3;PSMA2;GPC6;HSPB1;PSMD3;RGN;H1-10;EWSR1;SUPT16H;GGH;ILF2;SHMT1;EIF3E;PSMB1;GPI;RPS7;ETF1;PSPC1;DLST;SRSF4;GSTM3;COPS8;HDAC1;EEF1B2;TOP1;DDX1;SSBP1;HNRNPU;DDX5;LMNB1;GARS1;PSMD2;PSMD1;GPS1;PRDX4;DDX17;RPL9;PSMA5;HNRNPF;STIP1;TPR;TUBB2A;MAPK15;NAP1L4;SRP14;PSMB4;IMPDH2;RPS8;RPL15;RPL27;DDX6;TALDO1;PCBP1;RPL4;RALY;UBE2N;XPO1;KARS1;PCBP2;MAGOH;EIF2S3;EIF5A;SNRNP200;KRT14;RPA1;RTCB;USP5;ERH;SERBP1;SVEP1;ARPC3;ADAM10;TIMP3;RPL7;OTUB1;FBP1;WARS1;HNRNPR;CSTF3;RPL13;MYLK2;MAPK3;GLRX3;FIGNL1;MVP;USP7;PPP1CA;COPS3;NONO;RPS6;TFAM;PABPC1;PTBP1;UBA2;LSM3;RPS27;RBMX;PRSS23;SNRPA1;SMU1;PSMD7;COPS6;PURA;HNRNPH1;SDCBP;SNU13;DRAP1;PPP1CB;FTO;NSFL1C;PSME3;SNRPA;TBCB;USP9X;U2AF2;EEF1D;AHNAK;HP1BP3;CALR;RECQL;ELP3;CPSF6;MAT2B;TRIM28;SNRPE;RAB2A;PPID;PSMB5;TNPO1;NUMA1;RPL7A;UFL1;ALYREF;PSMB6;RBX1;ELAVL1;PRMT1;MAP2K1;RPL17;HNRNPL;PPP1R7;SNRPF;MTREX;CDK11A;SF3A1;COPS4;CMPK1;FABP1;PTPN11;DHX15;HNRNPA0;TCERG1;PDXK;ACTR2;ACTL6A;CACYBP;DRG1;CSNK2A1;DNAJB1;SNRPB;VPS25;HSPH1;PRKACA;NAA15;COPS5;TRA2B;PDCD4;DSP;EEF1E1;CPNE3;EFTUD2;NUDT21;CTNNB1;FUBP1;RBBP7;SF3A3;UBE2M;PDHA1;ECPAS;PDE2A;EIF5B;SAE1;SF3B2;UBE2D2;ARL3;CARM1;IDE;YARS1;PTPA;CDC5L;XPO7;HMGB1;LSM6;RPL6;THYN1;OGDH;SNRNP40;CDK16;CYCS;ILF3;TMPO;RPL23A;HNRNPUL2;SLC25A31;CSNK2B;BAG6;RANGAP1;DDX19A;KHSRP;CUL1;CUL4B;HNRNPA3;HDLBP;DEK;PCYT1A;DNPEP;PARK7;SAMHD1;HNRNPM;ATP5PO;CCAR2;DCTN4;SGTA;FAM98B;NPLOC4;RPA2;CASP6;S100A1;MED6;MAPK1;IGF2BP1;NAE1;CUL3;MYCBP2;FHL1;PRKAG1;ARRB1;CIRBP;STAT3;RPL13A;STAT1;API5;AIFM1;PPT1;MOB1A;NCBP1;TUBB2B;OSGEP;NDRG1;EIF3G;HCFC1;SFI1;CDK1;HNRNPCL1;HNRNPUL1;NIBAN2;TIAL1;CMAS;EXOSC4;IDH3A;NASP;DDX3X;MAPK14;STAT5B;IGF2BP2;DCPS;FUS;MEMO1;TES;SMC1A;PPP1CC;RANBP1;SKP1;BOLA2;PABPN1;ITGB3;PRKAA1;CPNE1;PPM1G;PPP2R5D;SART3;PABPC4;UBE2I;PSMB10;NEDD4;ANXA7;RAD50;WDR5;SERPINA3;BABAM2;SLC9A3R1;CTNNBL1;KRT6A;EIF2S2;PFKP
prerank,U1 snRNP (GO:0005685),-0.23670925239431467,-0.9245719125576467,0.5342465753424658,1.0,1.0,7/10,45.41%,SNRNP70;PRPF40A;SNRPB;SNRPF;SNRPE;SNRPA;SNRPGP15
prerank,Caveola (GO:0005901),-0.22069802064518285,-0.9012822856525404,0.5550351288056206,1.0,1.0,8/11,49.33%,FLOT1;JAK2;SRC;MAPK1;SCARB1;PLVAP;MAPK3;PACSIN2
prerank,trans-Golgi Network (GO:0005802),-0.1444122001186018,-0.8983696135178814,0.5550122249388753,1.0,1.0,6/27,6.43%,COG2;RAB9A;ST3GAL1;ARFIP1;NDST1;GBF1
prerank,Lytic Vacuole Membrane (GO:0098852),-0.1083374900146195,-0.8975457929724217,0.5641711229946524,1.0,1.0,26/48,42.14%,FLOT1;CLN5;ATP6AP2;GOPC;ANXA2;AP3M1;SCARB2;GNB4;AP1S1;AP1S2;ARRB1;CD63;VLDLR;GNB2;IFITM1;SEC13;CP;ATP6V1B2;DPP4;GRN;RAB2A;SCARB1;PCSK9;ATP6V1A;LRP2;AHNAK
prerank,Microvillus (GO:0005902),-0.19298006059809597,-0.8969831341263086,0.5557986870897156,0.9848943155206623,1.0,5/14,15.20%,CD44;PROM1;SLC9A3R1;ITGB3;STARD10
prerank,Catenin Complex (GO:0016342),-0.28914956011730203,-0.8936694693656284,0.576837416481069,0.9713811457448331,1.0,6/6,71.24%,CTNNA1;CTNNB1;CDH6;CDH5;CDH11;CDH1
prerank,AP-1 Adaptor Complex (GO:0030121),-0.2946263049439749,-0.8928681712660897,0.582089552238806,0.9527016381245063,1.0,3/6,18.99%,AP1G2;AP1S1;AP1S2
prerank,Cilium (GO:0005929),0.22173872191144003,0.8776975808569137,0.6064638783269962,0.7689958053254297,1.0,9/11,60.55%,SEPTIN9;RAB14;SORD;SEPTIN7;SEPTIN2;PMPCA;PAFAH1B1;USP9X;TNPO1
prerank,Late Endosome (GO:0005770),-0.14366951535608546,-0.8644915623088897,0.6,1.0,1.0,14/24,42.72%,RAB9A;ANXA2;SCARB2;SRC;VPS36;TSG101;MAPK1;CD63;PLD3;ECPAS;GRN;MAP2K1;PCSK9;SORL1
prerank,Nuclear Membrane (GO:0031965),0.1515796904212634,0.8589065328051358,0.5996533795493935,0.7932479575419639,1.0,18/24,61.37%,GAPDH;ENO1;CEMIP;LMNA;ANKRD17;NUTF2;KPNB1;GLB1;ANXA4;LMNB2;LMNB1;GARS1;TPR;XPO1;SDCBP;CDH5;LYPLA1;SLC16A3
prerank,Actin-Based Cell Projection (GO:0098858),-0.15921177204302644,-0.8508415916079404,0.6413301662707839,1.0,1.0,13/20,47.98%,CD44;IQGAP2;TWF1;PROM1;SLC9A3R1;STARD10;TWF2;ITGB1;AOC3;PDGFA;CLIC4;DAG1;VCAM1
prerank,COPI-coated Vesicle Membrane (GO:0030663),0.28632438337955224,0.8485754164110377,0.6472795497185742,0.7931577867706021,1.0,4/6,39.10%,COPA;COPB1;COPB2;COPG1
prerank,COPI Vesicle Coat (GO:0030126),0.28632438337955224,0.8485754164110377,0.6472795497185742,0.7931577867706021,1.0,4/6,39.10%,COPA;COPB1;COPB2;COPG1
prerank,Sarcoplasmic Reticulum (GO:0016529),0.28071369570792415,0.8445555058348885,0.6363636363636364,0.7914024509328764,1.0,2/6,7.60%,THBS4;THBS1
prerank,Golgi-associated Vesicle (GO:0005798),0.24648815460659268,0.8419625127142492,0.6561338289962825,0.7869740150438367,1.0,4/8,27.64%,IGF2R;APP;COPB1;RAB14
prerank,P-body (GO:0000932),-0.17511792452830188,-0.8366767110490959,0.6826086956521739,1.0,1.0,15/15,82.70%,CAPRIN1;MOV10;DCPS;IGF2BP2;IGF2BP1;LSM6;LSM3;EIF4E;DDX6;TOP1;PSMA2;PSMA4;PSMA6;PSMC2;PSMC3
prerank,ER To Golgi Transport Vesicle Membrane (GO:0012507),-0.18138987043580682,-0.8188172996583537,0.7071129707112971,1.0,1.0,13/13,82.06%,B2M;HLA-G;SEC13;SAR1B;HLA-C;SEC24A;SAR1A;SEC31A;SEC24C;CD74;HLA-A;USO1;SEC23A
prerank,Transport Vesicle Membrane (GO:0030658),-0.18138987043580682,-0.8186413953010437,0.708779443254818,1.0,1.0,13/13,82.06%,B2M;HLA-G;SEC13;SAR1B;HLA-C;RAB1A;SEC24A;SEC31A;SEC24C;CD74;HLA-A;USO1;SEC23A
prerank,Sin3-type Complex (GO:0070822),0.29777256740914426,0.808579868753488,0.6872427983539094,0.8241822042859507,1.0,5/5,70.31%,RBBP4;SF3B3;HDAC1;CSNK2A1;RBBP7
prerank,Sin3 Complex (GO:0016580),0.29777256740914426,0.808579868753488,0.6872427983539094,0.8241822042859507,1.0,5/5,70.31%,RBBP4;SF3B3;HDAC1;CSNK2A1;RBBP7
prerank,U5 snRNP (GO:0005682),-0.1978988100863321,-0.8077237448631112,0.7073732718894009,1.0,1.0,8/11,52.02%,PRPF8;DDX23;SNRNP40;SNRPB;SNRPF;SNRPE;SNRPGP15;SNRNP200
prerank,Clathrin Adaptor Complex (GO:0030131),-0.2049174671562875,-0.8066208321557357,0.7205882352941176,1.0,1.0,9/10,69.26%,AP1G2;AP1S1;AP2A2;AP1S2;AP1G1;AP1M1;AP2A1;AP2B1;AP2M1
prerank,Recycling Endosome (GO:0055037),0.14372281241809987,0.8033308108433934,0.7274305555555556,0.8240045267299873,1.0,8/24,20.69%,LTF;RAN;PDIA3;EHD3;APP;RAC1;RAB11B;HLA-A
prerank,U2-type Catalytic Step 2 Spliceosome (GO:0071007),0.1879979038833658,0.7947507297019357,0.7238421955403087,0.8291133818510713,1.0,12/13,74.11%,SNRPD3;PRPF19;PPIE;SNRPD1;SNRPD2;SNRPA1;SNRPE;SNRPF;SNRPB;EFTUD2;CDC5L;SNRNP40
prerank,Endosome Membrane (GO:0010008),0.09362635325610946,0.7912981461037224,0.7184466019417476,0.8259649123481596,1.0,26/59,36.59%,APOB;IGF2R;RPS27A;UBA1;PDIA3;CTSD;CLTC;CORO1C;EHD3;RAC1;RAB11B;HLA-A;TYRP1;VPS35;APLP2;AP3D1;RAB14;ANXA6;AP2M1;SNX2;LDLR;AP2B1;RAB7A;RAB5C;AP2A1;EHD1
prerank,Microfibril (GO:0001527),-0.2827533430558067,-0.7881827783928292,0.6991701244813278,1.0,1.0,2/5,9.99%,MFAP2;FBN2
prerank,Membrane Raft (GO:0045121),-0.12574506007290764,-0.7879166892363126,0.7606635071090048,1.0,1.0,15/26,43.72%,FLOT1;ANXA2;JAK2;SRC;PPT1;LRP4;STOM;GPC1;PRKACA;PRKAR1A;ITGB1;ADD2;TPP1;AHNAK;SDCBP
prerank,Coated Vesicle Membrane (GO:0030662),-0.1812831077104179,-0.7857810989386868,0.7628205128205128,0.9940959961138203,1.0,12/12,82.06%,B2M;HLA-G;SEC13;SAR1B;HLA-C;SEC24A;SEC31A;SEC24C;CD74;HLA-A;USO1;SEC23A
prerank,Lytic Vacuole (GO:0000323),-0.09354236695918221,-0.7847286586478577,0.7493112947658402,0.9787976767244582,1.0,29/47,51.32%,RAB9A;CLN5;ATP6AP2;PIP4K2A;AP3M1;SMPD1;SNX6;SRC;TINAGL1;TIAL1;PPT1;ACE;SNX1;GRN;CTSA;TPP1;CPQ;SCARB1;PCSK9;LRP2;AKR1B10;LARS1;RNASET2;GAA;CTSC;NEU1;FUCA2;CTSV;USP5
prerank,Chromosome (GO:0005694),-0.14581408766757625,-0.7748249699276315,0.744343891402715,0.9805185701038894,1.0,15/19,63.47%,EBNA1BP2;HMGB2;EMG1;SMC1A;DDX27;HMGB1;PPP1R7;RECQL;HP1BP3;DDX21;FIGNL1;HNRNPU;TOP1;RSL1D1;RCC1
prerank,Bounding Membrane Of Organelle (GO:0098588),-0.05997377665713844,-0.7702328707129688,0.7694524495677233,0.9725357257844812,1.0,19/120,9.35%,COG2;ST3GAL1;ARFIP1;AP1G2;ATP6AP2;B2M;NOTCH4;PDGFC;GOPC;NDST1;CD44;GBF1;ST3GAL6;IQGAP2;HLA-G;GLIPR2;ACAP2;ACBD3;SCARB2
prerank,Endoplasmic Reticulum Membrane (GO:0005789),0.07790434888108125,0.7688902990521552,0.7532679738562091,0.8525578424122758,1.0,26/80,26.48%,APOB;VCP;PROS1;PLOD1;PDIA6;HSPA5;HSP90B1;RPS27A;UBA1;EXT1;ALG1;PLOD2;COPA;SEC23A;RAC1;PLA2G2A;HLA-A;RTN4;PLOD3;LMAN2;NOTCH3;CD74;COPB1;EXT2;GLB1;CYB5R3
prerank,Endoplasmic reticulum-Golgi Intermediate Compartment Membrane (GO:0033116),0.21379371367462668,0.7681454322895332,0.7329650092081031,0.8449916052530603,1.0,8/9,68.21%,F5;SERPINA1;CTSZ;RAB1B;MGAT1;CTSC;CALR;TAPBP
prerank,Autophagosome (GO:0005776),0.24960083305212133,0.7638865115671398,0.7723735408560312,0.8425757604013203,1.0,5/6,59.50%,HSPA8;FTH1;MAPK15;FTL;SH3GLB1
prerank,Ficolin-1-Rich Granule Membrane (GO:0101003),-0.1761873243425887,-0.7616654579085426,0.75,0.9714110492217408,1.0,8/12,47.75%,ATP6AP2;AP2A2;DYNC1LI1;UBR4;DSP;NBEAL2;GAA;PRCP
prerank,Cell Projection Membrane (GO:0031253),-0.23650234741784038,-0.7588928809391609,0.7521186440677966,0.9602492476154182,1.0,7/7,76.50%,SLC9A3R1;ITGB3;ARF6;LRP2;SEPTIN2;FSCN1;B4GALT1
prerank,Cytoplasmic Side Of Plasma Membrane (GO:0009898),0.16217607664590838,0.7558002261297885,0.75177304964539,0.845618466141413,1.0,8/16,35.42%,MYH9;EZR;G6PD;CDH1;IQGAP1;AP2M1;AP2B1;AP2A1
prerank,Filopodium (GO:0030175),-0.16381850324101355,-0.7533607960035993,0.7807606263982103,0.953906652026869,1.0,14/14,83.81%,IQGAP2;TWF1;ITGB3;TWF2;ARF6;ITGB1;DAG1;VCAM1;CDC42;VIL1;MSN;FSCN1;TUBB3;EZR
prerank,Calcium Channel Complex (GO:0034704),-0.26629813124529034,-0.7405536394579846,0.8206185567010309,0.9588170555018946,1.0,3/5,32.44%,SCN1A;PTPA;PRKACA
prerank,COPII-coated ER To Golgi Transport Vesicle (GO:0030134),0.14600730561196493,0.738795792171611,0.7944954128440367,0.8619652344088521,1.0,7/19,23.79%,F5;SERPINA1;SEC23A;USO1;HLA-A;LMAN2;CD74
prerank,Secretory Granule Membrane (GO:0030667),-0.09076104885144459,-0.7380287440258279,0.806615776081425,0.947909415299266,1.0,20/48,31.33%,SPARC;VNN1;ATP6AP2;SRI;CD44;IQGAP2;ANXA7;TSPAN14;CPNE1;ITGB3;AP2A2;CYSTM1;CD63;LAIR1;DYNC1LI1;STOM;NRAS;UBR4;CPNE3;DSP
prerank,Clathrin Coat Of trans-Golgi Network Vesicle (GO:0030130),-0.2236289919356529,-0.7318167877987714,0.7870563674321504,0.9429233639613311,1.0,3/7,18.99%,AP1G2;AP1S1;AP1S2
prerank,Polysomal Ribosome (GO:0042788),-0.14926253687315633,-0.73054599667015,0.827906976744186,0.9306288233400204,1.0,16/16,85.27%,RPL31;RPL24;RPS21;RPS28;RPL6;EIF3H;RPL18A;RPL7A;RPL8;RPS23;RPL11;RPL18;RPS26;RPL30;RPL10A;DHX9
prerank,Lumenal Side Of Endoplasmic Reticulum Membrane (GO:0098553),-0.24391951582239735,-0.728979891164372,0.790224032586558,0.919326888196396,1.0,4/6,41.20%,HLA-G;TAPBP;HLA-C;CALR
prerank,Nuclear Lumen (GO:0031981),0.06658531082085467,0.7289567309596251,0.8069073783359497,0.8663985295398349,1.0,70/106,61.13%,NPM1;SUB1;EEF1A1;FLNA;MACROH2A1;RPS27A;RAN;NCL;ANG;RPS10;XRCC5;H1-5;XRCC6;RARS1;FEN1;SPTBN1;DHX9;RPS9;RPS3;PA2G4;RPS25;RPS13;RPS14;EIF6;RPS2;HMGA2;SF3B1;EIF4A3;PARP1;FBL;ACADVL;PRKDC;RPL18;RPS11;RPL11;RPS3A;APEX1;RPL5;SF3B3;H1-10;EWSR1;ILF2;RPS7;RSL1D1;TOP1;HNRNPU;DDX5;SDHA;RPL27;RPL4;XPO1;NOP56;NOP58;RPL7;TCOF1;HNRNPR;RPL13;FIGNL1;RPL26;RPS6;PTBP1;MARS1;SNU13;RRP9;DDX21;RPS19;ELP3;PPID;RPL7A;NOLC1
prerank,Basolateral Plasma Membrane (GO:0016323),-0.1480825958702065,-0.7172155038563794,0.8443396226415094,0.9228348898587336,1.0,16/16,85.39%,FLOT1;ANXA2;CD44;IDE;CTNNB1;SLC16A3;SLC3A2;MTTP;TFRC;ATP1A1;CD81;LDLR;B4GALT1;LRP1;EZR;SLC2A1
prerank,Spindle (GO:0005819),-0.10563706477043122,-0.6949795067468065,0.8486997635933806,0.9386928201698987,1.0,21/30,58.33%,TUBG1;PYCR3;MMS19;WDR5;CDK1;TUBB2B;NUDCD2;CUL3;MAPK1;CCAR2;ARL3;MAP4;ANXA11;NUMA1;MAPRE1;NUDC;TUBB2A;TPR;CDC42;DCTN1;HNRNPU
prerank,Protein Phosphatase Type 2A Complex (GO:0000159),-0.24516255228104364,-0.6772175151118429,0.8535564853556485,0.9481815229490224,1.0,3/5,34.02%,PPP2R5D;PTPA;PPP2R2A
prerank,Early Endosome (GO:0005769),0.08376454710776184,0.6617535229319637,0.8722689075630252,0.9401614763469751,1.0,38/52,66.28%,APOB;APOE;APOA1;LTF;IGF2R;APOC3;EHD3;APP;APOC2;AP1B1;HLA-A;LRP1;HSPD1;VPS35;AP3D1;RAB14;LDLR;RAB5C;EHD1;AP1M1;APOA4;BAIAP3;AP1G1;AP3B1;RAB5A;APOA2;MAPK3;PRDX3;VCAM1;DKK1;SORL1;PCSK9;RAB5B;MAP2K1;HLA-C;RAB21;EEA1;AOC3
prerank,Mitotic Spindle (GO:0072686),0.11503883429936085,0.6542821153139836,0.8996478873239436,0.9392904430668076,1.0,13/24,44.48%,TUBB4B;TUBB1;CLTC;EML4;RPS3;EML2;TUBB3;DIAPH1;HNRNPU;DCTN1;CDC42;TPR;TUBB2A
prerank,Melanosome (GO:0042470),-0.23168997968987334,-0.6541748896918996,0.8983050847457628,0.9601480009246188,1.0,2/5,14.14%,RAB9A;ITGB3
prerank,Neuron Projection (GO:0043005),0.08781867211470584,0.6516775075021517,0.8831385642737897,0.932870258784336,1.0,23/44,45.35%,RELN;APOE;C4A;RACK1;CNTN1;ALDH1A1;HSPA8;APP;TUBB3;RTN4;PPP2R1A;IQGAP1;CAPN2;PTK7;NPTX1;RHOC;APEX1;PTPRS;GARS1;PAFAH1B1;DCTN1;CDC42;RAB5A
prerank,Recycling Endosome Membrane (GO:0055038),0.13959596185033668,0.6321545077377712,0.9100719424460432,0.9425304143970862,1.0,5/15,20.69%,PDIA3;EHD3;RAC1;RAB11B;HLA-A
prerank,Multivesicular Body (GO:0005771),0.19953051643192482,0.6237354124307718,0.8882575757575758,0.9410866398539598,1.0,7/7,80.13%,APOE;COLEC10;CTSH;SORL1;ECPAS;CD63;TSG101
prerank,Golgi Stack (GO:0005795),0.20499109864364012,0.6066243979886553,0.9184782608695652,0.9462781871465192,1.0,3/6,31.44%,USO1;RAB14;NSF
prerank,Specific Granule (GO:0042581),0.09423437015211238,0.5690196728478774,0.9581881533101045,0.964491661481759,1.0,26/29,81.06%,CLU;LTF;QSOX1;LYZ;CTSD;SPTAN1;KPNB1;HP;CTSZ;GGH;ILF2;AP1M1;CHI3L1;NIT2;VCL;ADAM10;NEU1;ANXA11;TIMP2;PDXK;UBR4;STOM;LAIR1;CNN2;ERP44;TOLLIP
prerank,Lysosomal Membrane (GO:0005765),-0.058325257003418625,-0.5666247562173908,0.9679144385026738,1.0,1.0,32/65,42.14%,FLOT1;VNN1;CLN5;ATP6AP2;GOPC;ANXA2;AP3M1;SCARB2;GNB4;CPNE1;AP1S1;AP2A2;AP1S2;ARRB1;CD63;VLDLR;GNB2;STOM;IFITM1;SEC13;CP;CPNE3;ATP6V1B2;DPP4;GRN;CTSA;RAB2A;SCARB1;PCSK9;ATP6V1A;LRP2;AHNAK
prerank,Nucleolus (GO:0005730),-0.04569809791093614,-0.5606104686796445,0.9869451697127938,1.0,1.0,104/105,94.74%,PAK1IP1;EBNA1BP2;PPP1R12A;RPL35;POLR2H;EXOSC6;CUTC;HMGB2;SMARCA4;EMG1;KIAA0319L;NRXN1;DDX23;XRN2;NPM3;NEDD4;PPP1CC;EXOSC4;MRTO4;STAT1;RPL13A;TSG101;DDX27;SDHAF2;DCTN3;DEK;RPL23A;ILF3;LSM6;RPS6KA3;CKAP5;PDHA1;CPNE3;POLR1D;EEF1E1;NOP2;CMPK1;RPL17;NOLC1;RPL7A;PPID;ELP3;RPS19;DDX21;RRP9;SNU13;MARS1;PTBP1;RPS6;RPL26;RPL13;HNRNPR;TCOF1;RPL7;NOP58;NOP56;XPO1;RPL4;RPL27;SDHA;DDX5;TOP1;RSL1D1;RPS7;ILF2;EWSR1;H1-10;SF3B3;RPL5;APEX1;RPS3A;RPL11;RPS11;RPL18;PRKDC;ACADVL;FBL;PARP1;EIF4A3;SF3B1;RPS2;EIF6;RPS14;RPS13;RPS25;PA2G4;RPS3;RPS9;DHX9;SPTBN1;FEN1;RARS1;XRCC6;H1-5;XRCC5;RPS10;ANG;NCL;RAN;RPS27A;MACROH2A1;FLNA;EEF1A1;SUB1
prerank,Azurophil Granule Membrane (GO:0035577),-0.1246647364691491,-0.5500270891439484,0.962882096069869,0.9991927747645112,1.0,8/13,47.75%,VNN1;CPNE1;CD63;STOM;CPNE3;MANBA;GAA;PRCP
prerank,Spindle Microtubule (GO:0005876),0.15856944156866673,0.5061039369345396,0.981549815498155,0.984297782667885,1.0,4/7,43.13%,CLTC;CALM1;HNRNPU;PAFAH1B1
prerank,Phagocytic Vesicle Membrane (GO:0030670),-0.132506924462924,-0.48062898673045756,0.9934065934065934,1.0,1.0,2/9,7.77%,B2M;HLA-G
prerank,Lysosome (GO:0005764),-0.03804712904071351,-0.4672821520102275,0.9939024390243902,0.9955543997820542,1.0,56/107,47.22%,RAB9A;FLOT1;ACAN;CLN5;ATP6AP2;GOPC;ANXA2;STXBP2;TXNDC5;PIP4K2A;AP3M1;SMPD1;SCARB2;GNB4;GUSB;SNX6;SRC;TINAGL1;AP1S1;TIAL1;PPT1;AP1S2;ARRB1;CD63;GNS;PLD3;VLDLR;ACE;CSPG4;GNB2;IFITM1;SEC13;CP;GPC1;BGN;SNX1;ATP6V1B2;HEXA;DPP4;GRN;CTSA;TPP1;CPQ;RAB2A;SCARB1;PCSK9;ATP6V1A;LRP2;AHNAK;AKR1B10;LARS1;MANBA;RNASET2;GAA;CTSC;NEU1
